dipep,coef
DD,-0.0886368568087716
DE,0.0992927846650171
DK,0.01003156888835144
DR,-0.23695558875624273
DH,-0.022031316067127767
DQ,0.09627389008410134
DN,-0.1827525006261735
DC,-0.03532285244305558
DS,-0.05221163319985138
DT,0.03705348179556228
DA,0.18442313211734015
DV,-0.04714564637452657
DM,0.08185159313370992
DL,0.006602467084612151
DI,-0.15143056776996816
DF,-0.13627806977348275
DY,0.01116233613611145
DW,-0.1203057805706983
DG,-0.11720923479306329
DP,0.16354679395976246
ED,-0.3873865192339959
EE,0.12723787807657874
EK,0.052832105496751026
ER,0.010795197546240197
EH,-0.07744668817524673
EQ,-0.1871099989337533
EN,0.04255007025924756
EC,0.023616092043795504
ES,-0.3276278843429249
ET,0.1561513745502396
EA,0.00131466149882242
EV,0.011625322011511658
EM,-0.011971356013354263
EL,-0.001009646683677602
EI,0.07360843458085313
EF,-0.10457713385777452
EY,-0.09834030912558382
EW,-0.04226716426458954
EG,0.01890689553460928
EP,-0.01635047765609414
KD,0.17713772816151324
KE,0.3453888516316153
KK,0.2575512536779068
KR,0.14572987595129777
KH,-0.27084622921952
KQ,0.02183339781206985
KN,0.050726927780528216
KC,-0.10620790166456748
KS,-0.198509446513818
KT,0.04602758725699597
KA,-0.22745943480948486
KV,-0.11602140376107092
KM,-0.14230636064834512
KL,0.05675053687442768
KI,0.08959565888782382
KF,0.10876046078391705
KY,-0.1765869252183212
KW,-0.18796604005419373
KG,-0.19312543226697265
KP,-0.2602099918606796
RD,0.028401953174383206
RE,-0.0785891714716602
RK,0.07212187406747139
RR,-0.3202444689485859
RH,0.15021852614158093
RQ,-0.08230153211041322
RN,-0.10392230727459927
RC,0.07670347290613448
RS,-0.1134176581825893
RT,-0.013965768545390733
RA,0.12417013775784844
RV,-0.24123159020239382
RM,0.17234920081574556
RL,0.07929029563629142
RI,-0.034992409967777124
RF,0.025516257727976107
RY,0.10684024372645406
RW,-0.06985518358390917
RG,-0.28440929898762823
RP,0.20830495364474594
HD,-0.10221103180671569
HE,-0.0477276690210656
HK,-0.25556826073784467
HR,-0.046465233018871094
HH,0.29438696539305526
HQ,-0.16667547643246433
HN,-0.029112822162939568
HC,-0.04817518750724783
HS,-0.1954898026631054
HT,-0.1765613201673213
HA,-0.0035468943653788575
HV,0.3035809473739095
HM,-0.015086251052664259
HL,0.10216975224582325
HI,-0.11573328838313078
HF,-0.20420272621318336
HY,0.011383402434946838
HW,0.21816941651681862
HG,0.041720791318301614
HP,0.10867003928475674
QD,-0.10979733072088575
QE,-0.0834537898407773
QK,-0.18092083054381228
QR,-0.09602566542455956
QH,0.15540144200712488
QQ,-0.07392524361426092
QN,0.028330863794879278
QC,-0.032652855325717274
QS,-0.04374865632953853
QT,-0.0718612801741322
QA,-0.10262348943193884
QV,0.10447042499538547
QM,0.14974267349072404
QL,0.19259821888758347
QI,0.1498297844771405
QF,0.12598182895572876
QY,-0.14410285083620186
QW,0.4318413618832474
QG,0.13580168742101328
QP,-0.12288353897033602
ND,-0.18850801251968696
NE,0.0588157375881707
NK,0.059903725578966185
NR,0.09246750699910783
NH,0.017226469531719375
NQ,-0.0719039065836238
NN,0.01725224308337273
NC,-0.04912499937155041
NS,0.12221815451492375
NT,-0.05063437087934659
NA,-0.006871758060573059
NV,0.15085316025349363
NM,-0.05531135251008507
NL,0.28463791118618353
NI,0.18214548175877213
NF,0.1713178486802338
NY,0.054044057873970756
NW,-0.11283235051625884
NG,-0.33846665113006374
NP,-0.07442532757204935
CD,-0.046855474670497846
CE,-0.08475535276919657
CK,0.11335396649130958
CR,-0.15038712561255277
CH,0.03765436781950263
CQ,-0.0977444569629136
CN,0.13931229963978742
CC,-0.010487085988584995
CS,-0.11071113639473722
CT,-0.036141125788713035
CA,-0.00836517681975936
CV,-0.027182327772422972
CM,0.043772491490646666
CL,-0.08431255143784501
CI,0.0908086224006033
CF,0.17074014042884317
CY,0.1124165208744755
CW,-0.004139752768220777
CG,0.010590385551599146
CP,-0.06486166183304003
SD,-0.1669603277093468
SE,-0.10235963805547353
SK,-0.10589023414061007
SR,0.014532589824499285
SH,0.1556668929178336
SQ,0.09260035248984151
SN,0.12103041024383966
SC,-0.14455776960788982
SS,-0.09087611169102372
ST,-0.04703252893563439
SA,-0.007590307402166588
SV,0.08655284969041153
SM,0.07535826095054982
SL,0.0885552040259458
SI,0.29990231967198305
SF,-0.04252888600467736
SY,0.031466740167728366
SW,0.10323138276775519
SG,0.010865439603568817
SP,-0.09449439147395428
TD,-0.046868835762112655
TE,-0.031241462617408823
TK,-0.15842293608516958
TR,-0.15353962934224313
TH,0.09135526905282675
TQ,0.21898111324468142
TN,0.1221691585780322
TC,-0.047624160786836296
TS,-0.22462988708771897
TT,0.1147825468598439
TA,-0.16494810585765585
TV,-0.16306513935683223
TM,-0.10667488305982593
TL,0.17210932761782557
TI,0.08264788670797606
TF,0.16968761766095716
TY,-0.1746613272950292
TW,0.38834140045199805
TG,-0.030681770725755165
TP,-0.2507269500471777
AD,-0.07680406773143322
AE,-0.1087374914130952
AK,0.08610127714827905
AR,-0.0944089207220633
AH,0.048817641490189315
AQ,-0.06782804048656846
AN,-0.015662206288839114
AC,0.005343889518952895
AS,0.13586790056496972
AT,0.005529509158554523
AA,0.20279968512083005
AV,-0.26655568783793404
AM,0.09596510302922161
AL,-0.36111729183382285
AI,-0.2063568493579213
AF,0.32090838169506575
AY,0.12577463097515737
AW,0.09236739674072433
AG,0.06291704411112302
AP,0.00468583419297024
VD,-0.106304994055492
VE,0.022141412801930247
VK,-0.08765077679070245
VR,0.1394939892761225
VH,-0.27258518901014883
VQ,-0.1565781812983542
VN,0.010893533044762826
VC,0.138511314284813
VS,-0.034346608679763635
VT,-0.021097524037443038
VA,-0.18601330730835164
VV,-0.15132546091443205
VM,0.005009427370420259
VL,-0.01619709142958211
VI,-0.2661559424099497
VF,-0.033971765846949144
VY,0.12695513307539247
VW,0.12082037739083462
VG,0.15754608469205825
VP,0.3027356043572051
MD,0.20955067043785136
ME,-0.016017653374207366
MK,-0.043425769677003824
MR,0.054594736362872445
MH,-0.23027027316976745
MQ,0.0014016886786317783
MN,-0.004801965213094482
MC,-0.0017347369082541507
MS,0.031105269491809986
MT,-0.23177031262193298
MA,-0.08909062626943817
MV,0.214559693426061
MM,-0.07844582560364971
ML,-0.030349101008186233
MI,-0.04149797768174561
MF,0.16200499854643693
MY,0.01930237531439265
MW,-0.01946118528330414
MG,0.12663685449601797
MP,0.12693684009592887
LD,0.23542865032566057
LE,-0.2761497848678424
LK,0.1050236488306498
LR,-0.15893676735724757
LH,0.14920487741802027
LQ,-0.15573483578770503
LN,-0.06058363225611701
LC,0.15720529621027857
LS,-0.13915029421208427
LT,-0.02686987424596278
LA,0.18316268733567254
LV,0.16401901474528716
LM,0.15010362555823073
LL,-0.2113882451951995
LI,-0.04222734397178903
LF,0.0392318250819309
LY,0.13603480162536438
LW,0.4111157607812236
LG,-0.08188358533208634
LP,-0.07937124869879998
ID,0.26756156690185257
IE,0.17201186756133455
IK,-0.13551576329580384
IR,0.3779171663020928
IH,0.03300962340195601
IQ,0.07424044545442078
IN,-0.06170153527983351
IC,-0.014773411554345563
IS,-0.09772535486509065
IT,-0.18964274443192272
IA,-0.37245221155377206
IV,-0.2195909440885369
IM,-0.227391458730228
IL,-0.1156391803177059
II,0.181849133485158
IF,0.15279332117175326
IY,0.2487079911538307
IW,0.1550886249847481
IG,-0.3090846021971322
IP,-0.13124845972480137
FD,0.25577217302315747
FE,-0.09944988480455427
FK,-0.2087376915749958
FR,0.167847442915207
FH,-0.21731655581184703
FQ,0.06926074939562205
FN,0.09024736031196044
FC,-0.050452557944150406
FS,0.031130189309697912
FT,-0.08554446488992554
FA,0.08094915655848434
FV,0.037973346812150505
FM,0.13862579589794452
FL,0.13522369338823828
FI,-0.003373626267704626
FF,0.40624252861847165
FY,0.022277558724276527
FW,0.07937363188361361
FG,0.08370095500816864
FP,0.20268339934248633
YD,-0.2057989813924866
YE,0.05222092227837674
YK,0.11237642361901122
YR,-0.05651579535269599
YH,0.2152785538043414
YQ,-0.08247981857581992
YN,-0.044159350171356
YC,0.08501637588313293
YS,0.22605122876146042
YT,-0.06637150387499592
YA,0.0803903110777448
YV,-0.019949284720889505
YM,0.26772776327693326
YL,0.12220199587322592
YI,0.06329775234683388
YF,-0.07227132612137659
YY,0.3625797561818125
YW,0.026790709837306435
YG,-0.13854481207787253
YP,0.029848758553664888
WD,-0.0032300737500799903
WE,0.1765356633835415
WK,0.15948416421110287
WR,0.01908354975942888
WH,0.05619518091498915
WQ,0.2731059948641019
WN,0.04352707936966145
WC,0.018593874310825282
WS,0.2109485322359129
WT,0.03296868364051434
WA,-0.18481541055750167
WV,0.023260271712334562
WM,0.05545697542087561
WL,-0.07209552146068146
WI,0.05827837770030441
WF,0.04074306547908236
WY,-0.012592794774867886
WW,-0.017806426194255036
WG,0.6430304948848643
WP,-0.011696266931361948
GD,-0.054591376984244246
GE,-0.30431388713568513
GK,-0.24115961334521593
GR,0.01402641577025872
GH,-0.23510310392324113
GQ,0.10360693843375009
GN,0.05646105201006113
GC,-0.1127883496930862
GS,0.07608024441203014
GT,0.09983530303987437
GA,-0.12442327446310361
GV,0.08932685722619901
GM,-0.3179406019210957
GL,0.23391917361197667
GI,-0.08132382408589801
GF,-0.08887687207666438
GY,0.22338243250409404
GW,-0.07393927901135855
GG,-0.0525374004091355
GP,0.31648516919075337
PD,-0.19653515019679407
PE,0.009963281028200365
PK,-0.05318361269514804
PR,0.10580726821618122
PH,0.0864124250292232
PQ,-0.1426206217919423
PN,0.03588445626173484
PC,-0.028161460577722133
PS,-0.08353643364881642
PT,-0.17009156891095653
PA,-0.003668712666890595
PV,-0.0590660116783725
PM,0.12447545410180427
PL,-0.05390132518170575
PI,-0.21061045222247793
PF,0.14154103852664146
PY,0.27288783664044197
PW,0.23599914439867084
PG,0.020060519743836165
PP,-0.04998889842889732
D,-0.5767860081434008
E,-0.5046779134025731
K,-0.6800940935688812
R,0.0006166236608191891
H,0.002219410344142642
Q,-0.08090745858014343
N,-0.10538370529692145
C,-0.026250861704977053
S,-0.30402016720025954
T,-0.24060064493855304
A,-0.30004195767993525
V,-0.35950875472855415
M,0.2853629308119419
L,0.3718617737809558
I,0.20717373194152644
F,1.300369364814966
Y,1.2466831821355397
W,1.6789289967438648
G,-0.1644308940699627
P,-0.16937701661988097
