"time (s)","wt_sc_1","wt_sc_2","wt_sc_3","wt_ferrozine_1","wt_ferrozine_2","wt_ferrozine_3","wt_iron_1","wt_iron_2","wt_iron_3","mut_sc_1","mut_sc_2","mut_sc_3","mut_ferrozine_1","mut_ferrozine_2","mut_ferrozine_3","mut_iron_1","mut_iron_2","mut_iron_3","ko_sc_1","ko_sc_2","ko_sc_3","ko_ferrozine_1","ko_ferrozine_2","ko_ferrozine_3","ko_iron_1","ko_iron_2","ko_iron_3"
0,0.1125,0.1017,0.1144,0.133,0.1252,0.1204,1.1981,1.2366,1.1857,0.1063,0.1057,0.1057,0.102,0.1012,0.1041,1.2384,1.2901,1.2906,0.1079,0.108,0.1144,0.1072,0.1037,0.1045,1.2235,1.2724,1.294
432.969,0.1111,0.1012,0.1144,0.1339,0.1259,0.1189,1.185,1.2233,1.1936,0.1061,0.1068,0.1043,0.102,0.1023,0.1055,1.2219,1.2785,1.274,0.1074,0.1066,0.1128,0.107,0.1037,0.1039,1.2396,1.2807,1.3044
865.945,0.1124,0.1014,0.1139,0.1338,0.1262,0.1183,1.192,1.2302,1.2003,0.1072,0.1073,0.1049,0.1013,0.1015,0.1054,1.2237,1.2737,1.2638,0.1083,0.1079,0.1134,0.1063,0.1047,0.1038,1.227,1.2657,1.2842
1298.949,0.1128,0.1017,0.1138,0.1343,0.1258,0.1183,1.1779,1.2176,1.1913,0.1076,0.1075,0.1058,0.1013,0.1018,0.1052,1.2196,1.2779,1.2695,0.109,0.107,0.1134,0.1064,0.1044,0.1041,1.2222,1.2647,1.2875
1731.941,0.1128,0.1017,0.1146,0.1357,0.1256,0.1197,1.1844,1.2236,1.1987,0.1081,0.1078,0.1065,0.1009,0.1018,0.1047,1.2178,1.2685,1.2613,0.1095,0.1083,0.1139,0.107,0.1044,0.104,1.2255,1.263,1.2822
2164.965,0.1132,0.1032,0.1153,0.1351,0.1268,0.119,1.1884,1.2268,1.1978,0.1094,0.1096,0.1064,0.1014,0.1016,0.1048,1.2173,1.2681,1.2583,0.1101,0.1098,0.114,0.1066,0.1042,0.1039,1.2254,1.2644,1.287
2597.965,0.1137,0.104,0.1155,0.1347,0.1269,0.1197,1.1837,1.2205,1.1925,0.1091,0.1094,0.1072,0.101,0.1025,0.1054,1.2144,1.2719,1.2661,0.1108,0.1091,0.1135,0.1064,0.1053,0.1041,1.2323,1.2712,1.293
3030.944,0.114,0.1037,0.1166,0.1349,0.1271,0.1204,1.182,1.2187,1.1891,0.1096,0.1104,0.1078,0.1014,0.1024,0.1053,1.2161,1.2687,1.2553,0.1116,0.11,0.1149,0.1065,0.1049,0.1035,1.2331,1.2713,1.291
3463.949,0.1152,0.1043,0.1178,0.136,0.1276,0.1203,1.1773,1.2113,1.1826,0.1101,0.1099,0.1093,0.1017,0.1027,0.1056,1.2175,1.2705,1.2595,0.1121,0.1104,0.1158,0.1067,0.1044,0.1036,1.2309,1.2691,1.292
3896.92,0.1159,0.1055,0.1174,0.136,0.1275,0.1217,1.1842,1.2217,1.1948,0.113,0.1127,0.1104,0.1016,0.1025,0.1063,1.2088,1.2631,1.2539,0.1146,0.1117,0.1161,0.1069,0.1045,0.1039,1.2146,1.255,1.2771
4329.931,0.1164,0.1058,0.118,0.1373,0.1283,0.1227,1.1838,1.2209,1.1943,0.1129,0.1129,0.1106,0.1011,0.1034,0.1058,1.2085,1.2634,1.2577,0.1136,0.113,0.1168,0.1068,0.1051,0.1044,1.2146,1.2543,1.2763
4762.924,0.1167,0.1067,0.1186,0.1374,0.129,0.1225,1.1769,1.2138,1.1868,0.1133,0.1132,0.1111,0.1023,0.104,0.1062,1.2078,1.2652,1.26,0.115,0.1132,0.1167,0.1063,0.1053,0.1045,1.2199,1.2567,1.2796
5195.916,0.1182,0.1061,0.1188,0.1389,0.1298,0.1233,1.1706,1.2073,1.1785,0.1144,0.1136,0.1121,0.102,0.1035,0.1066,1.2151,1.2689,1.2598,0.1151,0.1149,0.1178,0.1075,0.1053,0.1042,1.2233,1.262,1.2834
5628.897,0.1195,0.1083,0.1193,0.1376,0.13,0.1238,1.1825,1.2211,1.1949,0.1152,0.1157,0.1136,0.1029,0.1041,0.1069,1.2058,1.2591,1.255,0.1175,0.1153,0.1199,0.1073,0.1057,0.105,1.2287,1.2644,1.2852
6061.902,0.12,0.109,0.1211,0.1405,0.1316,0.1241,1.1747,1.2129,1.1884,0.1169,0.1157,0.1146,0.1025,0.1043,0.1072,1.2015,1.2617,1.2755,0.1175,0.1171,0.1201,0.1072,0.1065,0.1048,1.2286,1.2671,1.2875
6494.913,0.121,0.1097,0.1222,0.1401,0.1312,0.1246,1.1765,1.212,1.1828,0.118,0.1163,0.1163,0.1032,0.1039,0.1069,1.2116,1.2639,1.2509,0.117,0.1171,0.1212,0.1077,0.1061,0.1053,1.2207,1.2584,1.2827
6927.893,0.1222,0.1109,0.1228,0.1415,0.1326,0.1266,1.1758,1.2098,1.1812,0.1192,0.1182,0.116,0.1031,0.1047,0.1074,1.2126,1.2663,1.2607,0.1187,0.1187,0.123,0.1074,0.1066,0.1048,1.2221,1.2588,1.2776
7360.9,0.1236,0.112,0.1245,0.1421,0.1332,0.1263,1.183,1.2184,1.192,0.1202,0.1203,0.1178,0.1028,0.105,0.1072,1.2088,1.2608,1.25,0.1219,0.1202,0.1236,0.1077,0.1068,0.1054,1.2145,1.2495,1.2723
7793.914,0.1239,0.1125,0.1249,0.1425,0.134,0.1269,1.1705,1.2061,1.1825,0.1212,0.1201,0.119,0.1035,0.1051,0.1082,1.2082,1.2612,1.2595,0.1213,0.1207,0.1238,0.1081,0.1062,0.1057,1.2141,1.255,1.277
8226.879,0.1258,0.1128,0.1264,0.1442,0.1344,0.1281,1.1824,1.2192,1.1926,0.1241,0.1232,0.1217,0.1039,0.1059,0.1087,1.2046,1.2586,1.2574,0.125,0.1229,0.1261,0.1079,0.1071,0.106,1.2069,1.2459,1.27
8659.858,0.1273,0.1153,0.128,0.1445,0.1353,0.129,1.1734,1.2077,1.183,0.1244,0.1233,0.1216,0.1037,0.1056,0.1082,1.2097,1.2661,1.2591,0.1242,0.124,0.1284,0.1086,0.1072,0.1058,1.2204,1.26,1.2791
9092.849,0.128,0.1174,0.1288,0.146,0.1358,0.1297,1.1727,1.2074,1.1788,0.1262,0.1248,0.1243,0.1037,0.1059,0.1095,1.2123,1.2629,1.2531,0.1264,0.1243,0.1287,0.1089,0.1075,0.1057,1.2263,1.2649,1.2861
9525.837,0.1309,0.1188,0.131,0.1472,0.1377,0.1302,1.1801,1.2167,1.1914,0.1291,0.128,0.1268,0.1056,0.1073,0.1095,1.2031,1.2591,1.2476,0.1289,0.1288,0.1311,0.1094,0.1082,0.1065,1.213,1.2496,1.2722
9958.811,0.1324,0.1192,0.1327,0.1464,0.1384,0.1314,1.1733,1.2106,1.1877,0.1312,0.1292,0.1278,0.105,0.1068,0.1097,1.204,1.2572,1.2475,0.1304,0.1291,0.1325,0.1091,0.1082,0.1071,1.2081,1.2486,1.2739
10391.763,0.1358,0.122,0.1344,0.1486,0.1396,0.133,1.1837,1.218,1.1947,0.1334,0.1337,0.1319,0.1053,0.1074,0.1105,1.2035,1.2583,1.2505,0.1337,0.1315,0.1341,0.1094,0.1083,0.1072,1.216,1.255,1.2778
10824.727,0.1358,0.1236,0.138,0.1498,0.141,0.1341,1.1853,1.2205,1.1906,0.1357,0.1344,0.133,0.1062,0.1076,0.1102,1.2103,1.2633,1.2502,0.1366,0.1333,0.1367,0.1104,0.1084,0.1073,1.2171,1.2563,1.2863
11257.752,0.1379,0.1259,0.1379,0.151,0.1419,0.1349,1.1731,1.2093,1.1858,0.1372,0.1358,0.1345,0.1063,0.1081,0.1113,1.2039,1.2654,1.2691,0.1366,0.1353,0.139,0.1097,0.1082,0.1076,1.2089,1.2473,1.2735
11690.764,0.1399,0.1282,0.1415,0.1513,0.1425,0.1368,1.1786,1.2131,1.1903,0.1403,0.1395,0.1367,0.1063,0.1091,0.1116,1.2019,1.2631,1.2609,0.1386,0.1377,0.1404,0.1112,0.1093,0.1087,1.2256,1.2639,1.2873
12123.766,0.143,0.1298,0.1432,0.1532,0.1441,0.1369,1.1781,1.2124,1.1879,0.1423,0.1396,0.1396,0.1061,0.1083,0.1114,1.2091,1.2673,1.2724,0.1406,0.14,0.144,0.1111,0.1095,0.1085,1.2251,1.2628,1.2859
12556.75,0.1455,0.1317,0.1448,0.155,0.1445,0.1387,1.1805,1.2169,1.1915,0.146,0.1434,0.1444,0.1062,0.1093,0.1122,1.2077,1.2672,1.2629,0.1443,0.1435,0.1457,0.1111,0.1095,0.1091,1.2128,1.2522,1.2724
12989.737,0.1481,0.1339,0.1488,0.1559,0.1467,0.1402,1.1822,1.2172,1.1909,0.1477,0.1455,0.145,0.1076,0.1097,0.1124,1.207,1.2663,1.2598,0.148,0.147,0.148,0.1112,0.1105,0.1093,1.2136,1.2528,1.2771
13422.72,0.1516,0.137,0.1505,0.1581,0.1479,0.1415,1.1899,1.2254,1.2,0.1514,0.1489,0.1484,0.1074,0.1105,0.1133,1.2097,1.2626,1.25,0.1503,0.1481,0.1503,0.1117,0.111,0.1092,1.2169,1.2554,1.278
13855.717,0.155,0.1395,0.1539,0.1585,0.1492,0.1426,1.1823,1.2173,1.1894,0.1547,0.1518,0.151,0.1075,0.1106,0.1125,1.2139,1.2661,1.2536,0.1503,0.1534,0.1534,0.112,0.1111,0.1099,1.221,1.2593,1.2821
14288.704,0.1569,0.1428,0.1556,0.1608,0.1515,0.1455,1.1923,1.228,1.2035,0.1604,0.1564,0.1581,0.1084,0.1117,0.1148,1.2095,1.2642,1.2532,0.1568,0.156,0.1555,0.1124,0.1109,0.1099,1.2149,1.2517,1.2752
14721.692,0.1603,0.1465,0.1584,0.1615,0.1517,0.145,1.1959,1.232,1.2075,0.163,0.1607,0.1607,0.1082,0.1121,0.1152,1.2102,1.2649,1.2505,0.1588,0.1586,0.1613,0.1129,0.1112,0.1106,1.2074,1.2486,1.2727
15154.68,0.1638,0.1491,0.1629,0.1633,0.1528,0.1464,1.192,1.229,1.2044,0.1668,0.1642,0.1647,0.1089,0.1123,0.1144,1.2092,1.265,1.2633,0.1655,0.1624,0.1615,0.1137,0.1126,0.111,1.2277,1.269,1.2924
15587.654,0.1675,0.1523,0.1661,0.165,0.1558,0.1484,1.1975,1.2315,1.2082,0.1723,0.1674,0.1688,0.109,0.1124,0.1151,1.2152,1.269,1.2617,0.1674,0.168,0.1669,0.1132,0.1138,0.1111,1.2166,1.256,1.2817
16020.643,0.1708,0.1561,0.1715,0.1687,0.1566,0.1506,1.2011,1.2344,1.2058,0.1772,0.1752,0.1737,0.1088,0.1131,0.1161,1.2137,1.2764,1.2745,0.1729,0.1699,0.1721,0.1143,0.1127,0.1118,1.2235,1.2648,1.292
16453.681,0.1746,0.1607,0.1744,0.1677,0.158,0.1513,1.2004,1.2389,1.215,0.1841,0.1787,0.1788,0.11,0.1136,0.1168,1.2114,1.2683,1.2623,0.1774,0.177,0.1771,0.1143,0.1139,0.1123,1.2318,1.2722,1.2932
16886.698,0.1766,0.1658,0.1807,0.1697,0.1606,0.1518,1.2057,1.2452,1.2181,0.185,0.1823,0.1827,0.1102,0.1139,0.1169,1.2217,1.2742,1.2594,0.1811,0.1809,0.1821,0.1147,0.1138,0.1125,1.2272,1.265,1.2866
17319.699,0.1819,0.1675,0.1843,0.1718,0.1617,0.155,1.1992,1.2354,1.2095,0.1917,0.1877,0.1871,0.1104,0.1146,0.1167,1.2231,1.276,1.2616,0.1848,0.1829,0.1871,0.1147,0.1137,0.1129,1.2271,1.2675,1.2935
17752.684,0.1893,0.1729,0.1898,0.1737,0.1639,0.1564,1.2114,1.2494,1.2268,0.197,0.1947,0.1932,0.1105,0.1162,0.1176,1.2216,1.2726,1.272,0.1904,0.1888,0.19,0.1144,0.1146,0.1131,1.2313,1.2717,1.2971
18185.676,0.1947,0.1809,0.1944,0.1743,0.1648,0.1575,1.2088,1.2451,1.2221,0.2018,0.1996,0.2022,0.1117,0.1149,0.1187,1.2208,1.2788,1.2739,0.1967,0.1962,0.1974,0.1155,0.1155,0.1137,1.2196,1.2607,1.2833
18618.663,0.1998,0.1853,0.1984,0.1771,0.1663,0.1604,1.2175,1.2563,1.2319,0.2093,0.2083,0.2065,0.1113,0.1159,0.1195,1.2227,1.2811,1.2746,0.2032,0.2016,0.201,0.1162,0.1149,0.1134,1.2212,1.2606,1.2849
19051.626,0.2062,0.1881,0.2055,0.1764,0.1669,0.1612,1.2067,1.243,1.2223,0.2165,0.2119,0.2111,0.1116,0.1161,0.1197,1.2273,1.2829,1.2698,0.2064,0.2071,0.2063,0.1158,0.1157,0.1148,1.236,1.2779,1.3017
19484.577,0.213,0.1964,0.2144,0.1788,0.168,0.1624,1.2175,1.2551,1.2288,0.2255,0.2209,0.2191,0.1122,0.1165,0.1201,1.23,1.2848,1.2824,0.2136,0.2132,0.2136,0.1156,0.1162,0.1151,1.2275,1.2682,1.2909
19917.552,0.2193,0.2058,0.2162,0.1813,0.1707,0.1647,1.2216,1.2631,1.2419,0.2321,0.2293,0.2266,0.1122,0.1174,0.1207,1.2281,1.2857,1.2775,0.2198,0.22,0.221,0.1172,0.1177,0.1157,1.237,1.2799,1.3028
20350.565,0.2244,0.2112,0.225,0.1829,0.1728,0.1662,1.2187,1.26,1.2319,0.2401,0.2357,0.2342,0.1127,0.1177,0.121,1.2403,1.293,1.2833,0.2241,0.2265,0.226,0.1172,0.1166,0.1147,1.2269,1.2716,1.2974
20783.534,0.2325,0.2162,0.2313,0.1835,0.1738,0.1678,1.2222,1.2625,1.2392,0.2471,0.2454,0.2438,0.1125,0.1183,0.1216,1.2436,1.2974,1.2855,0.2338,0.2349,0.2348,0.1185,0.1174,0.1161,1.2419,1.2867,1.3094
21216.541,0.2428,0.2283,0.2385,0.1872,0.1757,0.1698,1.2321,1.2738,1.2464,0.2555,0.2527,0.2503,0.1133,0.1187,0.1226,1.2449,1.2974,1.2862,0.2416,0.2429,0.2409,0.118,0.1178,0.116,1.243,1.2881,1.3124
21649.528,0.2503,0.234,0.2456,0.1876,0.1765,0.1713,1.2475,1.2866,1.2636,0.2659,0.2637,0.2618,0.1145,0.1198,0.1228,1.2378,1.295,1.292,0.2511,0.2531,0.2497,0.1186,0.1179,0.1172,1.2346,1.2781,1.3052
22082.523,0.2605,0.2422,0.2538,0.19,0.1797,0.1719,1.2414,1.2814,1.2558,0.2767,0.2675,0.2699,0.1142,0.1196,0.1227,1.2456,1.3049,1.2898,0.2582,0.2618,0.2586,0.1179,0.119,0.1171,1.2372,1.2826,1.3091
22515.514,0.266,0.249,0.2615,0.1909,0.1799,0.1746,1.2555,1.2994,1.2761,0.2847,0.2815,0.2817,0.1148,0.1208,0.1243,1.2486,1.3014,1.2924,0.268,0.2699,0.2654,0.1184,0.1187,0.1177,1.2367,1.2819,1.3079
22948.503,0.2798,0.2616,0.2711,0.1949,0.1821,0.1773,1.2556,1.2966,1.2679,0.2998,0.2916,0.292,0.115,0.1212,0.1242,1.2587,1.3111,1.2952,0.2773,0.2809,0.2764,0.1194,0.1185,0.1183,1.2513,1.2972,1.3242
23381.497,0.289,0.2689,0.2802,0.196,0.1854,0.1774,1.2684,1.3089,1.2776,0.3143,0.3057,0.3035,0.115,0.1215,0.1249,1.262,1.3153,1.2986,0.2934,0.2926,0.2844,0.1199,0.1205,0.1191,1.2424,1.2892,1.3116
23814.501,0.3015,0.2799,0.2917,0.1969,0.1856,0.1804,1.2754,1.32,1.2931,0.327,0.3187,0.3175,0.1159,0.1225,0.1258,1.2627,1.3151,1.3031,0.2992,0.3055,0.3002,0.1209,0.1207,0.1196,1.2655,1.3129,1.3359
24247.515,0.3105,0.2851,0.3029,0.1995,0.1875,0.1816,1.2707,1.3104,1.2835,0.3374,0.3301,0.3271,0.1162,0.1223,0.1255,1.2677,1.3228,1.3151,0.3144,0.3158,0.3052,0.1202,0.1206,0.1198,1.2579,1.3046,1.3334
24680.503,0.3213,0.2991,0.3114,0.2005,0.1883,0.182,1.2804,1.3256,1.3021,0.3548,0.3471,0.3466,0.1161,0.1229,0.1262,1.2711,1.3288,1.3214,0.33,0.3322,0.3192,0.1213,0.1216,0.1198,1.2639,1.3143,1.3404
25113.494,0.3348,0.3154,0.3265,0.2146,0.192,0.1861,1.2844,1.3261,1.3012,0.364,0.3584,0.3612,0.1167,0.1236,0.1276,1.2701,1.3322,1.3261,0.3403,0.3402,0.335,0.1213,0.122,0.1203,1.2753,1.3258,1.3484
25546.514,0.353,0.3237,0.3375,0.2052,0.1932,0.1841,1.2926,1.336,1.311,0.379,0.3679,0.3702,0.1174,0.1235,0.1278,1.2835,1.3395,1.3317,0.3576,0.3585,0.3482,0.1221,0.1225,0.1208,1.2599,1.3087,1.3385
25979.472,0.3638,0.3368,0.3524,0.2058,0.1939,0.1872,1.3118,1.3573,1.3324,0.3906,0.3852,0.3833,0.1183,0.1248,0.1291,1.2874,1.3425,1.3338,0.3696,0.3715,0.3608,0.1223,0.1222,0.121,1.2822,1.3304,1.3596
26412.467,0.375,0.3506,0.3683,0.2094,0.1979,0.1896,1.3243,1.3657,1.3425,0.404,0.3979,0.3996,0.1185,0.1253,0.1288,1.2966,1.3489,1.3338,0.3812,0.3857,0.3673,0.1227,0.1229,0.1218,1.275,1.3241,1.3525
26845.457,0.3884,0.3638,0.3813,0.2102,0.1992,0.1913,1.3226,1.3659,1.3397,0.4226,0.4151,0.414,0.1183,0.1257,0.1292,1.3,1.3584,1.3493,0.3934,0.3945,0.3811,0.1228,0.1239,0.122,1.289,1.3401,1.3689
27278.431,0.4014,0.3786,0.3968,0.2126,0.1994,0.1935,1.3393,1.3863,1.3624,0.4334,0.4265,0.4271,0.1185,0.1264,0.13,1.3057,1.3556,1.3456,0.4067,0.4111,0.3984,0.123,0.1233,0.1225,1.2954,1.3455,1.3738
27711.397,0.4214,0.393,0.4071,0.2121,0.2007,0.1957,1.3515,1.3981,1.3749,0.4587,0.4437,0.445,0.1197,0.1264,0.13,1.3166,1.3694,1.3679,0.4225,0.428,0.4108,0.124,0.1243,0.1237,1.296,1.3501,1.3714
28144.354,0.4318,0.4052,0.4212,0.2143,0.2029,0.1959,1.36,1.3984,1.3705,0.4731,0.4592,0.4599,0.1196,0.1273,0.1316,1.3163,1.3801,1.3689,0.4374,0.4418,0.4269,0.1242,0.1247,0.1233,1.3015,1.3557,1.377
28577.387,0.4538,0.4231,0.4374,0.2202,0.2053,0.199,1.3773,1.4188,1.3923,0.488,0.4762,0.4774,0.1198,0.1274,0.1318,1.3346,1.3934,1.3678,0.4558,0.4581,0.4384,0.1246,0.1253,0.1244,1.3,1.3537,1.3827
29010.394,0.4669,0.4399,0.4566,0.2189,0.2053,0.1997,1.3903,1.4393,1.414,0.5058,0.4939,0.4949,0.1205,0.1278,0.1328,1.3346,1.3922,1.3807,0.4703,0.4731,0.4535,0.1251,0.1259,0.1251,1.3125,1.3662,1.3996
29443.385,0.4799,0.4562,0.4707,0.2211,0.2052,0.2021,1.3897,1.4369,1.4089,0.5198,0.5117,0.5116,0.1208,0.128,0.1327,1.3489,1.4079,1.3946,0.483,0.4907,0.4723,0.1255,0.1274,0.1247,1.3302,1.389,1.4204
29876.363,0.5022,0.4763,0.492,0.2236,0.2076,0.203,1.4079,1.454,1.4292,0.5388,0.5302,0.5315,0.1216,0.1279,0.1333,1.3567,1.4109,1.4,0.5045,0.5087,0.4893,0.1254,0.1262,0.1253,1.3394,1.4007,1.4301
30309.355,0.5221,0.4916,0.5089,0.2255,0.2089,0.2053,1.429,1.4774,1.4555,0.5593,0.5511,0.5477,0.1213,0.1299,0.1336,1.3598,1.4203,1.4075,0.5211,0.5272,0.5084,0.1261,0.1273,0.1259,1.3488,1.4028,1.4314
30742.329,0.5416,0.5131,0.5293,0.226,0.2099,0.207,1.4301,1.4828,1.4549,0.5817,0.5697,0.5669,0.1221,0.13,0.1344,1.3761,1.4298,1.4209,0.539,0.5418,0.5247,0.1256,0.1275,0.1266,1.3435,1.4035,1.4335
31175.312,0.5629,0.5377,0.5454,0.2275,0.213,0.2085,1.4548,1.5083,1.482,0.5993,0.5912,0.5903,0.123,0.1308,0.1348,1.3826,1.4385,1.43,0.5588,0.5647,0.5436,0.1266,0.1275,0.1273,1.3629,1.4175,1.4443
31608.282,0.5815,0.5536,0.5673,0.2277,0.2132,0.2094,1.4707,1.5204,1.4933,0.6187,0.6104,0.6078,0.1231,0.1309,0.1352,1.3995,1.4552,1.4381,0.5777,0.5871,0.5627,0.1267,0.1286,0.1272,1.365,1.4201,1.4461
32041.287,0.6028,0.5745,0.5858,0.2285,0.2139,0.2097,1.4781,1.5249,1.4984,0.642,0.6313,0.6268,0.1227,0.1314,0.1359,1.4037,1.4677,1.4477,0.5975,0.606,0.5788,0.1277,0.1292,0.1281,1.3715,1.4272,1.4605
32474.291,0.6268,0.6006,0.6085,0.2376,0.2168,0.213,1.4976,1.5436,1.5224,0.6592,0.6535,0.6489,0.1237,0.1321,0.1362,1.4199,1.4739,1.4573,0.6189,0.6204,0.5984,0.1283,0.129,0.1291,1.3802,1.4367,1.4643
32907.283,0.6529,0.6163,0.6303,0.2354,0.2188,0.2143,1.5091,1.5582,1.544,0.6828,0.6735,0.6734,0.1243,0.1332,0.1373,1.4316,1.487,1.4868,0.6407,0.6442,0.6194,0.1281,0.13,0.1291,1.4116,1.4742,1.4999
33340.305,0.6707,0.6406,0.6502,0.2331,0.2188,0.2144,1.52,1.5731,1.5528,0.703,0.6916,0.6881,0.1245,0.1335,0.138,1.4447,1.4942,1.482,0.6598,0.6646,0.6345,0.1286,0.1306,0.129,1.4117,1.4753,1.5039
33773.277,0.6928,0.6635,0.6763,0.237,0.2201,0.2164,1.5375,1.5886,1.5684,0.7276,0.7198,0.7115,0.1245,0.1337,0.1382,1.461,1.5152,1.5074,0.6846,0.6918,0.6592,0.129,0.1306,0.1298,1.4165,1.4795,1.5119
34206.269,0.7206,0.6883,0.6966,0.2366,0.2215,0.2182,1.567,1.6135,1.5941,0.7501,0.7351,0.7348,0.1252,0.134,0.1388,1.4688,1.5233,1.5112,0.7027,0.7111,0.6709,0.1289,0.1315,0.1309,1.4191,1.4855,1.5165
34639.249,0.7419,0.7112,0.7177,0.2382,0.2231,0.2176,1.5773,1.6279,1.6052,0.7687,0.7569,0.753,0.1257,0.1334,0.1387,1.4861,1.541,1.5219,0.7249,0.7355,0.6948,0.1292,0.132,0.1303,1.4472,1.5128,1.5448
35072.231,0.7632,0.7317,0.7358,0.24,0.2249,0.2203,1.6024,1.6481,1.627,0.79,0.7822,0.7777,0.1256,0.1351,0.1389,1.4942,1.5581,1.5454,0.7471,0.7559,0.7163,0.1303,0.1325,0.1316,1.4558,1.5249,1.5543
35505.222,0.7841,0.7519,0.7584,0.2387,0.2235,0.2212,1.6117,1.6611,1.6348,0.8144,0.8076,0.7927,0.1262,0.1354,0.1395,1.5138,1.571,1.5571,0.7676,0.7793,0.7339,0.1308,0.1323,0.1311,1.469,1.5377,1.5664
35938.208,0.8103,0.7799,0.785,0.2445,0.2262,0.2232,1.6422,1.6917,1.6692,0.835,0.8258,0.8158,0.127,0.136,0.1412,1.528,1.5882,1.5886,0.7951,0.803,0.757,0.1311,0.1333,0.1312,1.4777,1.5406,1.5733
36371.227,0.8343,0.7985,0.8025,0.2455,0.2272,0.2242,1.6496,1.6948,1.6714,0.8573,0.8469,0.84,0.1278,0.136,0.1413,1.5404,1.6005,1.5915,0.8124,0.8222,0.7723,0.1306,0.1328,0.1323,1.488,1.5607,1.5941
36804.209,0.8555,0.8233,0.8295,0.2438,0.2281,0.2265,1.6804,1.7239,1.7042,0.876,0.8632,0.8576,0.1277,0.1359,0.1415,1.5547,1.6182,1.6072,0.8355,0.8384,0.7916,0.1315,0.1344,0.1322,1.5171,1.5883,1.6175
37237.186,0.8771,0.8438,0.8523,0.2476,0.228,0.2245,1.6866,1.7354,1.709,0.8983,0.8829,0.8753,0.1278,0.1373,0.1421,1.5765,1.6358,1.6131,0.8536,0.862,0.811,0.1321,0.1339,0.134,1.5192,1.591,1.6188
37670.182,0.9051,0.8688,0.8762,0.2481,0.2303,0.2279,1.7229,1.7656,1.7425,0.9154,0.9011,0.8898,0.1294,0.1372,0.143,1.5885,1.6472,1.6273,0.8752,0.8769,0.8273,0.1325,0.1351,0.1335,1.5479,1.6216,1.6453
38103.169,0.9239,0.8891,0.8952,0.2496,0.2331,0.2288,1.7327,1.7774,1.7516,0.9357,0.9262,0.9127,0.1286,0.1377,0.1432,1.6057,1.6688,1.6491,0.8947,0.9045,0.8511,0.1334,0.136,0.1343,1.5504,1.6225,1.6509
38536.18,0.9455,0.9119,0.9148,0.2498,0.2335,0.231,1.7536,1.7959,1.7705,0.9535,0.943,0.9331,0.1292,0.1381,0.1439,1.6275,1.684,1.6627,0.9129,0.9197,0.8659,0.1336,0.1356,0.135,1.572,1.6445,1.6761
38969.161,0.9692,0.9379,0.9429,0.2651,0.234,0.2323,1.7718,1.8117,1.792,0.9743,0.9623,0.9504,0.1285,0.1391,0.144,1.6444,1.7032,1.6877,0.9363,0.934,0.8829,0.1323,0.1363,0.1352,1.5891,1.6669,1.6983
39402.175,0.9886,0.9533,0.9577,0.2538,0.2349,0.2327,1.8154,1.8473,1.8272,0.9938,0.9811,0.9736,0.1308,0.139,0.1453,1.6617,1.7267,1.7129,0.9527,0.9541,0.9009,0.1333,0.1375,0.1354,1.6074,1.6815,1.7195
39835.164,1.0038,0.9726,0.9788,0.254,0.235,0.2347,1.8192,1.8543,1.8317,1.0055,0.9967,0.9826,0.1305,0.139,0.1454,1.68,1.7443,1.7235,0.9663,0.9736,0.9191,0.134,0.137,0.1354,1.6377,1.715,1.7451
40268.153,1.0238,0.9876,0.9993,0.2558,0.2385,0.2365,1.858,1.8956,1.867,1.0194,1.0079,1.0018,0.1311,0.141,0.1463,1.6912,1.7573,1.7464,0.9818,0.9847,0.9357,0.1341,0.1385,0.1361,1.6538,1.7273,1.7613
40701.135,1.0422,1.0108,1.0201,0.2592,0.2401,0.236,1.8666,1.8957,1.8788,1.0319,1.0182,1.0073,0.1317,0.1407,0.1458,1.7171,1.7731,1.7568,0.9993,0.9984,0.9479,0.1345,0.1381,0.1369,1.6701,1.7406,1.7751
41134.111,1.0587,1.026,1.0332,0.2577,0.239,0.2379,1.8973,1.9216,1.9065,1.0435,1.0336,1.0269,0.1316,0.142,0.147,1.735,1.7995,1.7861,1.0113,1.0118,0.9632,0.1351,0.1387,0.1383,1.6973,1.7735,1.8083
41567.11,1.0758,1.0349,1.0439,0.2587,0.2417,0.2392,1.9132,1.9455,1.9238,1.0584,1.0449,1.0317,0.1313,0.141,0.1477,1.7544,1.8135,1.7977,1.024,1.0237,0.977,0.1349,0.139,0.1379,1.698,1.7843,1.8098
42000.107,1.0823,1.0501,1.0613,0.2616,0.2439,0.2407,1.934,1.9565,1.9331,1.0684,1.0524,1.0417,0.1326,0.1423,0.1464,1.7679,1.8403,1.8235,1.033,1.033,0.9884,0.1354,0.14,0.1386,1.7236,1.8016,1.8348
42433.093,1.0885,1.056,1.0655,0.2617,0.2436,0.241,1.9488,1.974,1.9533,1.0795,1.0708,1.0623,0.1325,0.1423,0.1477,1.7947,1.8706,1.8552,1.047,1.0478,1.005,0.1372,0.14,0.1386,1.7542,1.8376,1.8694
42866.077,1.1016,1.0732,1.0865,0.2647,0.2442,0.2428,1.9826,2.0048,1.9883,1.0855,1.0737,1.0638,0.1331,0.1439,0.1489,1.804,1.8811,1.8625,1.056,1.0558,1.011,0.1372,0.1404,0.139,1.7673,1.8528,1.8884
43299.037,1.1133,1.0815,1.0912,0.2648,0.2473,0.2442,1.9929,2.0171,1.9944,1.0969,1.0851,1.0748,0.1334,0.1441,0.1495,1.8324,1.9106,1.9042,1.067,1.0674,1.0194,0.1372,0.1411,0.1386,1.7989,1.8785,1.9125
43732.032,1.1214,1.0896,1.1012,0.2662,0.2474,0.2434,2.0041,2.0238,1.999,1.1036,1.0907,1.0758,0.1331,0.1433,0.1491,1.8496,1.9255,1.9054,1.0752,1.0745,1.0299,0.137,0.1417,0.1408,1.8098,1.8988,1.9305
44164.999,1.1285,1.0945,1.1092,0.268,0.2486,0.2464,2.035,2.0638,2.0291,1.1102,1.1008,1.091,0.1342,0.1447,0.1502,1.8698,1.9472,1.937,1.0838,1.0851,1.0399,0.1381,0.1422,0.1401,1.8298,1.9051,1.935
44598.014,1.1378,1.1079,1.1216,0.2689,0.2487,0.248,2.034,2.0615,2.0382,1.119,1.107,1.0988,0.1345,0.1455,0.1502,1.8895,1.9713,1.963,1.091,1.0923,1.0491,0.1372,0.1425,0.141,1.8534,1.9292,1.9645
45030.984,1.1473,1.1167,1.1273,0.2715,0.2518,0.2488,2.0481,2.0793,2.0455,1.127,1.1166,1.1071,0.1348,0.1451,0.15,1.9055,1.9899,1.9699,1.0983,1.101,1.056,0.1389,0.1425,0.1415,1.8861,1.9643,1.9987
45463.961,1.1529,1.127,1.1394,0.271,0.2532,0.2493,2.0667,2.104,2.0701,1.1295,1.1208,1.1104,0.1347,0.1461,0.1518,1.9242,2.0095,1.9916,1.1065,1.1068,1.0637,0.1383,0.1427,0.1423,1.8963,1.9752,2.0088
45896.942,1.1591,1.1291,1.143,0.2713,0.252,0.2512,2.0777,2.1116,2.0772,1.1361,1.1294,1.1223,0.1357,0.1475,0.1526,1.9447,2.0359,2.0271,1.1097,1.1103,1.0707,0.1392,0.1437,0.1419,1.9118,1.9859,2.0235
46329.937,1.1688,1.1363,1.1493,0.2726,0.2529,0.2505,2.0796,2.115,2.0765,1.1446,1.1355,1.1253,0.1357,0.1476,0.1526,1.9646,2.0599,2.0419,1.1174,1.1203,1.081,0.14,0.1444,0.1435,1.9504,2.0327,2.0689
46762.93,1.1728,1.1474,1.1612,0.2762,0.2562,0.2547,2.1009,2.1381,2.1046,1.1446,1.137,1.1292,0.1359,0.1483,0.1526,1.9725,2.0654,2.0559,1.1236,1.1237,1.0832,0.1404,0.1451,0.1442,1.9717,2.0483,2.0849
47195.895,1.1847,1.1542,1.166,0.275,0.2573,0.2553,2.1047,2.136,2.1089,1.1544,1.1469,1.1387,0.137,0.1484,0.1523,1.9976,2.0885,2.0777,1.1278,1.1318,1.0895,0.1403,0.1451,0.1437,1.9857,2.0606,2.0945
47628.871,1.1878,1.1583,1.1717,0.2767,0.2598,0.257,2.1152,2.1409,2.108,1.1614,1.1529,1.1456,0.1366,0.1472,0.1542,2.0156,2.1125,2.091,1.1335,1.1379,1.098,0.1464,0.1453,0.1439,2.002,2.0709,2.1005
48061.9,1.1975,1.1691,1.1828,0.2785,0.2601,0.2575,2.1239,2.1538,2.1244,1.1657,1.1564,1.1492,0.1362,0.1487,0.1542,2.0278,2.1187,2.0954,1.1446,1.1452,1.1038,0.1413,0.1462,0.1455,2.0073,2.0757,2.1121
48494.902,1.2035,1.1685,1.1868,0.2791,0.2607,0.2588,2.1264,2.159,2.127,1.17,1.1614,1.1491,0.1369,0.1486,0.1546,2.0472,2.1339,2.1232,1.1458,1.1459,1.1073,0.1407,0.1466,0.145,2.0174,2.0909,2.1224
48927.867,1.2046,1.1737,1.1923,0.2799,0.2622,0.2593,2.1354,2.1677,2.1303,1.1752,1.1667,1.1567,0.1375,0.1497,0.1548,2.0594,2.1455,2.1267,1.1505,1.1544,1.1121,0.1416,0.1468,0.1459,2.0504,2.1237,2.1635
49360.843,1.2116,1.1818,1.1984,0.2851,0.2637,0.2625,2.1374,2.1682,2.1383,1.1803,1.1704,1.161,0.1378,0.1502,0.1549,2.0664,2.1555,2.1498,1.1549,1.1555,1.1171,0.1424,0.1464,0.1456,2.0508,2.1177,2.1552
49793.819,1.2155,1.1831,1.2008,0.2833,0.2634,0.261,2.1478,2.1831,2.1424,1.183,1.1792,1.168,0.139,0.1507,0.1563,2.0829,2.1718,2.166,1.1592,1.1617,1.1229,0.1424,0.1479,0.1459,2.066,2.1289,2.1635
50226.809,1.2214,1.1953,1.2093,0.2845,0.2636,0.2641,2.1661,2.1989,2.165,1.1886,1.1799,1.1713,0.1388,0.1509,0.156,2.0924,2.1801,2.1689,1.166,1.1667,1.1256,0.1425,0.1472,0.1467,2.0647,2.1352,2.1733
50659.772,1.2261,1.1947,1.2085,0.2846,0.2642,0.2632,2.1604,2.1925,2.1547,1.1912,1.1853,1.1757,0.1386,0.1514,0.1565,2.1063,2.1947,2.1887,1.1678,1.1696,1.1291,0.143,0.1481,0.1466,2.0855,2.1567,2.1973
51092.758,1.2271,1.1967,1.2157,0.2873,0.2655,0.2655,2.1789,2.2121,2.1771,1.1946,1.1849,1.1802,0.14,0.1519,0.158,2.1076,2.1928,2.1797,1.1738,1.1734,1.1337,0.1436,0.1485,0.1472,2.0921,2.1591,2.1982
51525.71,1.233,1.2026,1.2236,0.2881,0.2665,0.2689,2.1883,2.2175,2.1736,1.1987,1.1923,1.1849,0.1394,0.1523,0.1568,2.1277,2.2121,2.1967,1.1781,1.1784,1.1402,0.1448,0.1488,0.1483,2.0953,2.1603,2.2018
51958.74,1.2364,1.2041,1.2249,0.2877,0.2673,0.2673,2.1959,2.2257,2.1854,1.2001,1.1916,1.1837,0.14,0.1523,0.1578,2.1334,2.2194,2.2047,1.1787,1.1793,1.1421,0.144,0.1496,0.1491,2.1213,2.1873,2.2314
52391.75,1.2444,1.2152,1.2341,0.2909,0.2702,0.2685,2.194,2.2207,2.1819,1.2072,1.1982,1.1874,0.1405,0.1536,0.158,2.1404,2.2263,2.2058,1.1842,1.187,1.1479,0.145,0.15,0.1495,2.1144,2.1774,2.2155
52824.751,1.2455,1.2143,1.2353,0.2894,0.2711,0.2701,2.188,2.2179,2.182,1.2092,1.1983,1.1899,0.1411,0.1526,0.1592,2.1443,2.2309,2.2234,1.1847,1.1865,1.1491,0.1446,0.1508,0.15,2.1322,2.1962,2.2354
53257.726,1.2466,1.2171,1.2369,0.2896,0.2706,0.2709,2.202,2.2362,2.1987,1.2114,1.2024,1.1959,0.1412,0.1543,0.1596,2.1532,2.2365,2.2312,1.1881,1.1867,1.1511,0.1448,0.1512,0.1501,2.1286,2.1978,2.2397
53690.731,1.2526,1.2204,1.2419,0.2899,0.2716,0.2708,2.1989,2.2355,2.1904,1.2154,1.2096,1.2012,0.1411,0.1549,0.1596,2.1606,2.2483,2.2429,1.1928,1.1941,1.1583,0.1452,0.1506,0.1501,2.1449,2.2065,2.2507
54123.72,1.2563,1.2244,1.2446,0.294,0.2728,0.272,2.2197,2.25,2.2082,1.2168,1.2081,1.2023,0.1418,0.1559,0.1608,2.1688,2.2518,2.2479,1.1933,1.1925,1.1566,0.1453,0.1513,0.1508,2.1413,2.2067,2.2541
54556.705,1.2563,1.2237,1.2468,0.2933,0.274,0.2744,2.2066,2.2439,2.1992,1.2199,1.2129,1.2058,0.142,0.1555,0.1612,2.1759,2.2611,2.2645,1.1929,1.1968,1.1612,0.1465,0.1523,0.1517,2.1667,2.2285,2.273
54989.701,1.2629,1.229,1.2507,0.2944,0.2758,0.2747,2.2272,2.2561,2.2151,1.2213,1.2146,1.2067,0.1426,0.1558,0.1614,2.1782,2.2665,2.2579,1.2,1.2026,1.1659,0.1462,0.1523,0.1514,2.1709,2.2329,2.2769
55422.694,1.2618,1.2304,1.2524,0.296,0.2769,0.2766,2.231,2.2629,2.2194,1.2217,1.2146,1.209,0.1424,0.1563,0.1621,2.1834,2.2725,2.2616,1.201,1.2011,1.1697,0.1467,0.1524,0.1515,2.1799,2.2427,2.2821
55855.696,1.2652,1.237,1.2568,0.2957,0.2748,0.2761,2.2302,2.2585,2.2215,1.2241,1.2168,1.2095,0.1427,0.1575,0.1624,2.1861,2.2687,2.2579,1.2028,1.2036,1.1713,0.1466,0.1525,0.1519,2.1781,2.2425,2.2819
56288.666,1.2633,1.2321,1.2564,0.2948,0.2762,0.2781,2.2261,2.2591,2.2127,1.2261,1.2198,1.2126,0.1429,0.1565,0.1616,2.196,2.2854,2.2708,1.2037,1.205,1.171,0.1474,0.1523,0.1529,2.1799,2.2432,2.2849
56721.651,1.2671,1.2354,1.2574,0.2992,0.2802,0.2776,2.2312,2.2587,2.2101,1.2293,1.2214,1.2135,0.1435,0.1563,0.1635,2.203,2.2858,2.2708,1.2062,1.2072,1.1723,0.1466,0.1537,0.1532,2.1881,2.2494,2.2958
57154.641,1.2703,1.2383,1.2625,0.3004,0.2804,0.2812,2.2482,2.2774,2.2307,1.2313,1.2223,1.2155,0.1434,0.157,0.1624,2.2074,2.2977,2.2771,1.2064,1.2097,1.1754,0.1486,0.1548,0.1539,2.1945,2.2596,2.3064
57587.639,1.2763,1.2423,1.2646,0.3018,0.2809,0.2821,2.2502,2.2752,2.2298,1.2343,1.226,1.2189,0.1445,0.158,0.1633,2.213,2.3048,2.2958,1.2055,1.21,1.1793,0.1478,0.1542,0.1538,2.1966,2.2518,2.2938
58020.617,1.2735,1.2425,1.2648,0.3021,0.2815,0.2822,2.2537,2.2829,2.2422,1.2317,1.2259,1.2195,0.1447,0.1599,0.1647,2.2162,2.2985,2.2851,1.2069,1.2105,1.1783,0.1486,0.1548,0.1546,2.1857,2.2493,2.2942
58453.617,1.2742,1.2411,1.2644,0.3015,0.2833,0.2834,2.2525,2.2786,2.2334,1.2349,1.2276,1.2194,0.1454,0.1588,0.1641,2.2175,2.311,2.302,1.2076,1.2111,1.1782,0.1501,0.1553,0.1544,2.2128,2.2712,2.319
58886.599,1.2731,1.2432,1.2647,0.3048,0.2837,0.2824,2.2467,2.2763,2.2292,1.2365,1.2295,1.2196,0.145,0.1591,0.1644,2.2247,2.3114,2.3076,1.2091,1.2096,1.179,0.1496,0.1546,0.155,2.2111,2.2747,2.3188
59319.591,1.2744,1.2426,1.2659,0.3027,0.2827,0.2834,2.254,2.2832,2.2477,1.2352,1.2266,1.2223,0.1461,0.1597,0.1656,2.2215,2.3094,2.293,1.2087,1.2083,1.1812,0.1497,0.1566,0.1565,2.2209,2.2768,2.3228
59752.553,1.2711,1.2431,1.268,0.3026,0.2851,0.2859,2.2529,2.2777,2.2353,1.2354,1.23,1.2228,0.1463,0.1602,0.1656,2.2307,2.3241,2.3151,1.2066,1.212,1.1842,0.1502,0.1569,0.156,2.2207,2.2824,2.3291
60185.529,1.2718,1.2434,1.268,0.3074,0.2859,0.2872,2.2642,2.2936,2.2533,1.2322,1.225,1.2192,0.1464,0.1607,0.1645,2.2271,2.3127,2.3067,1.2077,1.2095,1.1853,0.1507,0.1563,0.157,2.2328,2.2919,2.3365
60618.489,1.2715,1.245,1.268,0.3093,0.2891,0.2877,2.2569,2.2858,2.244,1.2327,1.2255,1.219,0.1456,0.1605,0.1665,2.2322,2.3282,2.3242,1.2027,1.208,1.1801,0.1509,0.156,0.1563,2.229,2.2881,2.3237
61051.506,1.2662,1.2381,1.2632,0.3079,0.2874,0.2864,2.2706,2.2982,2.2532,1.2298,1.2213,1.2156,0.1463,0.1615,0.1663,2.2406,2.3326,2.3239,1.1998,1.2063,1.1804,0.1503,0.1587,0.1569,2.2397,2.3,2.3479
61484.521,1.2649,1.2348,1.2604,0.3106,0.2886,0.2895,2.278,2.3072,2.2584,1.2294,1.223,1.2146,0.1462,0.162,0.1667,2.2469,2.3326,2.3225,1.2023,1.2058,1.1827,0.1518,0.1585,0.1577,2.2352,2.2903,2.3373
61917.532,1.2664,1.2344,1.259,0.3113,0.2906,0.2913,2.2729,2.3041,2.255,1.2254,1.2198,1.2165,0.1473,0.1623,0.1674,2.2491,2.3438,2.3355,1.1976,1.2024,1.1757,0.1508,0.1571,0.1566,2.2298,2.2902,2.3402
62350.52,1.2645,1.234,1.2577,0.3123,0.2898,0.29,2.267,2.2933,2.2501,1.2274,1.2211,1.2123,0.147,0.1628,0.1672,2.2466,2.3461,2.3355,1.1969,1.2009,1.1749,0.1522,0.1582,0.1582,2.2266,2.2829,2.3305
62783.531,1.2643,1.2327,1.2578,0.316,0.294,0.2941,2.2863,2.3153,2.2686,1.225,1.217,1.2121,0.1477,0.163,0.1685,2.254,2.3441,2.3361,1.1958,1.1994,1.1757,0.1524,0.1583,0.158,2.2511,2.3102,2.3587
63216.512,1.2585,1.2319,1.2521,0.3134,0.2918,0.2915,2.27,2.2979,2.2484,1.2235,1.2151,1.2071,0.1479,0.1631,0.1677,2.2568,2.3485,2.3322,1.1898,1.1975,1.1696,0.1521,0.1592,0.1596,2.2418,2.2989,2.3441
63649.494,1.2578,1.2251,1.2516,0.3142,0.2946,0.295,2.2847,2.314,2.2698,1.2211,1.212,1.2072,0.1493,0.164,0.1692,2.2529,2.3407,2.3324,1.1925,1.1939,1.1717,0.1523,0.1592,0.1591,2.2496,2.3031,2.3522
64082.453,1.2577,1.2288,1.2495,0.3179,0.296,0.2959,2.283,2.3058,2.2556,1.2202,1.2145,1.2074,0.1485,0.1637,0.1685,2.261,2.3561,2.3373,1.1935,1.1949,1.1694,0.1529,0.1607,0.1586,2.2475,2.3116,2.3586
64515.486,1.2578,1.2249,1.25,0.3189,0.2961,0.2959,2.2732,2.298,2.251,1.2203,1.2133,1.2076,0.1489,0.164,0.1701,2.2626,2.3601,2.3443,1.192,1.1931,1.1656,0.1527,0.1599,0.1592,2.2438,2.2992,2.3447
64948.503,1.2551,1.2233,1.2467,0.3188,0.2984,0.2965,2.2835,2.3089,2.2588,1.2184,1.21,1.205,0.1494,0.165,0.1691,2.2651,2.3616,2.3517,1.1903,1.1918,1.1701,0.1537,0.1604,0.1602,2.2663,2.3252,2.3709
65381.504,1.255,1.2235,1.2453,0.3202,0.2973,0.2978,2.2725,2.3069,2.2586,1.2165,1.2073,1.203,0.1494,0.1647,0.1704,2.271,2.3641,2.3574,1.1889,1.1922,1.1677,0.1532,0.1604,0.1605,2.2693,2.3302,2.3791
65814.485,1.2528,1.2218,1.2457,0.3203,0.2995,0.2986,2.2671,2.3055,2.2546,1.2152,1.2071,1.2015,0.1496,0.1662,0.1704,2.2694,2.3641,2.3551,1.1919,1.1903,1.1656,0.1546,0.1607,0.1598,2.2567,2.3114,2.3579
66247.487,1.2515,1.2203,1.2459,0.3218,0.2988,0.2979,2.2721,2.3021,2.2549,1.2156,1.2062,1.1997,0.1499,0.1668,0.1715,2.2746,2.3662,2.3633,1.1899,1.1894,1.1649,0.155,0.1618,0.1603,2.2774,2.3336,2.3791
66680.483,1.2505,1.2196,1.241,0.322,0.3003,0.299,2.2796,2.3125,2.2616,1.2145,1.2052,1.2009,0.1501,0.167,0.1723,2.2776,2.3723,2.3685,1.1884,1.1882,1.163,0.1547,0.162,0.1607,2.2643,2.3185,2.37
67113.467,1.2492,1.2189,1.2404,0.3241,0.3027,0.3009,2.2713,2.3027,2.2507,1.2138,1.2043,1.1996,0.1506,0.1656,0.1718,2.2772,2.3756,2.3681,1.1838,1.1898,1.1645,0.1544,0.1617,0.1621,2.2792,2.3326,2.3837
67546.447,1.251,1.2178,1.2409,0.3268,0.3005,0.3035,2.278,2.3086,2.258,1.2129,1.2045,1.2007,0.1513,0.1663,0.172,2.2812,2.3719,2.3676,1.1885,1.1911,1.1627,0.1552,0.1622,0.1617,2.2672,2.3189,2.3674
67979.445,1.2509,1.2182,1.2409,0.327,0.304,0.3049,2.2666,2.2976,2.2474,1.2112,1.1991,1.1929,0.1516,0.1669,0.1721,2.2782,2.3701,2.3522,1.1864,1.1862,1.1638,0.1556,0.162,0.1621,2.2643,2.3165,2.3628
68412.433,1.2509,1.2163,1.2408,0.3279,0.3063,0.3061,2.2751,2.3052,2.2533,1.2106,1.2019,1.1973,0.1509,0.1678,0.1724,2.2863,2.3802,2.3748,1.1879,1.1885,1.1633,0.1555,0.1628,0.1619,2.2832,2.3346,2.3853
68845.422,1.2477,1.2158,1.2379,0.3271,0.3035,0.3041,2.2573,2.2858,2.2361,1.2109,1.2003,1.1936,0.152,0.1674,0.1729,2.2816,2.3758,2.3642,1.189,1.1867,1.1639,0.1557,0.1627,0.1619,2.2795,2.3309,2.3765
69278.4,1.248,1.2163,1.2367,0.3304,0.3042,0.3078,2.2682,2.2949,2.2472,1.2119,1.1993,1.1958,0.1517,0.1688,0.1733,2.2836,2.3776,2.3751,1.1871,1.1826,1.1566,0.1558,0.1645,0.1626,2.2716,2.32,2.3697
69711.393,1.2473,1.2162,1.2389,0.3329,0.3038,0.3081,2.2717,2.302,2.2553,1.2103,1.2005,1.1932,0.1521,0.1689,0.174,2.2822,2.3746,2.3645,1.1862,1.1828,1.1616,0.1572,0.1634,0.1632,2.2767,2.3265,2.3776
70144.401,1.2461,1.2192,1.2402,0.3321,0.3091,0.3105,2.2677,2.2988,2.2468,1.2095,1.1986,1.1951,0.1526,0.1697,0.1738,2.2859,2.3775,2.3728,1.1861,1.1865,1.1635,0.1565,0.1649,0.1636,2.2915,2.3399,2.3912
70577.397,1.2458,1.2128,1.2338,0.3318,0.308,0.3076,2.2527,2.2872,2.2326,1.2061,1.2004,1.1932,0.1534,0.17,0.1748,2.2881,2.3804,2.3731,1.1862,1.1847,1.1591,0.1563,0.1651,0.1636,2.2902,2.3369,2.3884
71010.355,1.247,1.2134,1.2364,0.3314,0.3095,0.3098,2.2592,2.2883,2.2403,1.2076,1.1961,1.1869,0.1524,0.1688,0.1735,2.2833,2.3722,2.3558,1.1855,1.1837,1.1612,0.1563,0.1649,0.1644,2.2785,2.3227,2.3736
71443.345,1.2442,1.2122,1.2335,0.3313,0.3069,0.3103,2.2562,2.2955,2.2459,1.2065,1.1949,1.1902,0.1531,0.1698,0.175,2.2809,2.3658,2.3581,1.1849,1.182,1.1581,0.1569,0.1653,0.1636,2.2731,2.3142,2.3651
71876.298,1.2451,1.2129,1.2355,0.3311,0.3104,0.3114,2.2518,2.2857,2.2463,1.2064,1.197,1.1897,0.1539,0.1696,0.176,2.2728,2.3646,2.3541,1.1849,1.1827,1.1589,0.1574,0.1651,0.165,2.2836,2.3261,2.3733
72309.274,1.2462,1.2124,1.2356,0.3342,0.3144,0.3124,2.2689,2.2957,2.2525,1.2072,1.197,1.1921,0.1541,0.171,0.1769,2.2783,2.372,2.362,1.1836,1.1833,1.1592,0.1583,0.1656,0.1639,2.2885,2.3312,2.3817
72742.256,1.2436,1.212,1.2358,0.3357,0.3118,0.3141,2.2459,2.2795,2.2345,1.2071,1.1957,1.1899,0.154,0.1709,0.1754,2.2726,2.3729,2.3589,1.1842,1.1823,1.1576,0.1581,0.1663,0.1643,2.2587,2.3026,2.3509
73175.276,1.2466,1.2136,1.2346,0.3336,0.3133,0.3152,2.2569,2.2832,2.2353,1.2037,1.1942,1.189,0.1546,0.171,0.1762,2.2688,2.3647,2.3584,1.185,1.1825,1.1606,0.1577,0.1655,0.1659,2.2761,2.3236,2.376
73608.228,1.244,1.2083,1.2306,0.3353,0.3131,0.3141,2.2481,2.2779,2.2337,1.2078,1.1936,1.1885,0.1546,0.1714,0.1768,2.2806,2.3677,2.3559,1.1821,1.1794,1.1567,0.1578,0.1663,0.1657,2.2601,2.307,2.3539
74041.204,1.2436,1.213,1.2336,0.3359,0.3158,0.3171,2.2623,2.2907,2.247,1.2023,1.1933,1.1881,0.1541,0.1717,0.1776,2.2699,2.3587,2.3447,1.1843,1.18,1.1588,0.1572,0.1677,0.1668,2.2573,2.2996,2.3488
74474.195,1.2414,1.2144,1.2347,0.3392,0.3171,0.3184,2.2655,2.2941,2.2485,1.2057,1.1946,1.191,0.1541,0.1721,0.178,2.2646,2.3588,2.3485,1.1864,1.182,1.1587,0.1599,0.1672,0.1665,2.2627,2.3115,2.3652
74907.181,1.2399,1.2118,1.2347,0.3369,0.3162,0.3171,2.2475,2.2771,2.2317,1.2032,1.1944,1.1887,0.1557,0.1721,0.1772,2.2705,2.3628,2.347,1.1851,1.1816,1.1601,0.1591,0.1671,0.167,2.2622,2.3051,2.3504
75340.187,1.243,1.2092,1.2286,0.3365,0.317,0.3191,2.2526,2.2823,2.2368,1.2017,1.1946,1.1894,0.1556,0.1725,0.1783,2.2728,2.3671,2.3512,1.1814,1.1804,1.1571,0.1587,0.1673,0.1665,2.2596,2.305,2.3534
75773.159,1.2416,1.2114,1.2326,0.341,0.3207,0.3233,2.266,2.2931,2.2426,1.2034,1.1925,1.1873,0.1556,0.1738,0.1786,2.2694,2.358,2.3411,1.1849,1.1815,1.1589,0.1592,0.1687,0.1668,2.2601,2.3034,2.3485
76206.182,1.243,1.2093,1.2304,0.3407,0.3196,0.3218,2.2506,2.279,2.2279,1.2012,1.1907,1.185,0.1562,0.173,0.1781,2.2638,2.3564,2.3421,1.1838,1.1797,1.1575,0.1603,0.1675,0.1675,2.2665,2.3109,2.3521
76639.159,1.2394,1.2078,1.2286,0.3414,0.3201,0.322,2.2449,2.2751,2.231,1.2004,1.1913,1.1856,0.1552,0.1732,0.1791,2.2669,2.3591,2.3485,1.1831,1.18,1.1593,0.1601,0.1693,0.1682,2.2571,2.3005,2.3469
77072.149,1.2386,1.2079,1.2282,0.3405,0.3194,0.3231,2.2504,2.2758,2.2314,1.2021,1.1903,1.187,0.1559,0.1734,0.1784,2.2687,2.356,2.3484,1.181,1.178,1.1544,0.1611,0.1694,0.1682,2.256,2.3037,2.3523
77505.139,1.2402,1.2093,1.231,0.3453,0.3207,0.3233,2.2631,2.2929,2.2434,1.202,1.1911,1.186,0.1571,0.1741,0.1802,2.2624,2.3477,2.3354,1.1843,1.1775,1.1558,0.1613,0.168,0.1681,2.2514,2.2958,2.3441
77938.127,1.2424,1.2112,1.2302,0.3419,0.3201,0.3261,2.265,2.2953,2.25,1.2027,1.1909,1.1881,0.1567,0.175,0.181,2.2611,2.3537,2.3419,1.1851,1.1795,1.157,0.161,0.1693,0.1686,2.2633,2.3098,2.3639
78371.114,1.2393,1.2073,1.2303,0.3428,0.3188,0.3242,2.2472,2.2746,2.2301,1.2044,1.1897,1.1854,0.1564,0.1739,0.1802,2.262,2.3551,2.3329,1.184,1.1771,1.1574,0.1607,0.1706,0.1699,2.2442,2.2936,2.343
78804.109,1.2397,1.2077,1.2308,0.3454,0.3188,0.327,2.2462,2.2786,2.2324,1.2023,1.1926,1.1864,0.1563,0.1746,0.1805,2.2677,2.3564,2.3468,1.185,1.1812,1.1582,0.1603,0.1704,0.1696,2.2627,2.3102,2.3627
79237.101,1.2389,1.2072,1.2293,0.3432,0.3209,0.3276,2.2554,2.283,2.2322,1.2012,1.1908,1.1859,0.1574,0.1753,0.1817,2.2637,2.3614,2.3531,1.1848,1.1789,1.1588,0.1601,0.17,0.17,2.2686,2.3146,2.3688
79670.088,1.2374,1.2087,1.2297,0.3435,0.3208,0.3282,2.2584,2.2861,2.2445,1.1997,1.1916,1.1888,0.1575,0.1758,0.1817,2.2608,2.3601,2.353,1.1839,1.1768,1.1553,0.162,0.1705,0.1689,2.2462,2.2954,2.3515
80103.107,1.2391,1.2066,1.2258,0.3476,0.323,0.3277,2.2561,2.2856,2.2364,1.1998,1.189,1.1848,0.1584,0.1752,0.1814,2.2645,2.361,2.3514,1.1845,1.1782,1.1557,0.1623,0.1708,0.17,2.2667,2.315,2.3668
80536.088,1.2398,1.2108,1.2298,0.3478,0.3248,0.3269,2.252,2.2794,2.2329,1.1991,1.1897,1.1862,0.1582,0.1765,0.1827,2.256,2.3586,2.3464,1.1846,1.1765,1.1552,0.1623,0.172,0.17,2.2701,2.3191,2.3638
80969.108,1.2366,1.2081,1.2276,0.3476,0.3229,0.3259,2.2553,2.2849,2.2461,1.2003,1.1914,1.1869,0.1582,0.1779,0.1827,2.2596,2.3498,2.3483,1.1828,1.1759,1.1559,0.162,0.1732,0.1714,2.2613,2.3134,2.3679
81402.124,1.239,1.2082,1.2298,0.3507,0.3249,0.3294,2.2697,2.2972,2.252,1.2005,1.1897,1.186,0.1584,0.1756,0.1822,2.2601,2.3503,2.3339,1.1819,1.1779,1.1588,0.1622,0.1718,0.1711,2.2631,2.3152,2.3683
81835.133,1.2373,1.2094,1.2283,0.3499,0.3256,0.3283,2.2702,2.2987,2.2537,1.2011,1.1899,1.1857,0.1585,0.1766,0.1838,2.2581,2.3483,2.3437,1.1839,1.1801,1.1577,0.1626,0.1721,0.1717,2.2604,2.3113,2.3656
82268.116,1.2378,1.2073,1.2257,0.3499,0.3239,0.3295,2.2537,2.2836,2.2392,1.1994,1.1918,1.1855,0.1583,0.1771,0.183,2.2639,2.3559,2.3562,1.1842,1.1776,1.1561,0.1625,0.172,0.1708,2.2536,2.2982,2.3476
82701.124,1.2369,1.2078,1.2276,0.3496,0.3246,0.3291,2.2484,2.2769,2.2332,1.199,1.1905,1.185,0.1596,0.1773,0.1835,2.2618,2.3583,2.3532,1.1839,1.1812,1.1585,0.1623,0.1718,0.1713,2.2662,2.3169,2.3688
83134.104,1.2406,1.2084,1.2308,0.3497,0.3277,0.333,2.268,2.2944,2.2506,1.2001,1.1867,1.1854,0.1593,0.179,0.1848,2.2598,2.3532,2.3383,1.182,1.1816,1.1561,0.1636,0.1721,0.1713,2.2575,2.3046,2.3532
83567.084,1.2362,1.2068,1.2269,0.3525,0.3251,0.33,2.2498,2.2795,2.236,1.2012,1.1882,1.1827,0.16,0.1776,0.1839,2.2676,2.3593,2.3471,1.1853,1.1811,1.1614,0.163,0.1719,0.1715,2.2626,2.3117,2.3626
84000.071,1.2389,1.2076,1.2281,0.3521,0.3256,0.3323,2.274,2.298,2.2455,1.1982,1.1913,1.1866,0.1598,0.1789,0.1839,2.2636,2.3596,2.3425,1.1864,1.1789,1.1553,0.165,0.1724,0.1724,2.261,2.3183,2.3711
84433.11,1.2352,1.2093,1.2289,0.3519,0.3249,0.3314,2.2536,2.2914,2.2417,1.1979,1.1885,1.1847,0.1598,0.1788,0.1851,2.2611,2.3566,2.3544,1.1832,1.1766,1.1544,0.1636,0.1727,0.1729,2.2524,2.3054,2.3638
84866.125,1.2357,1.2083,1.2263,0.3546,0.3263,0.3311,2.2534,2.2859,2.2314,1.1987,1.1876,1.1824,0.1602,0.1787,0.1849,2.2653,2.359,2.3558,1.1841,1.1791,1.1562,0.1644,0.1738,0.1736,2.2601,2.3081,2.3607
85299.112,1.2386,1.2076,1.2299,0.3561,0.3268,0.3327,2.2649,2.2926,2.247,1.1983,1.1894,1.184,0.1601,0.1799,0.1856,2.2618,2.3458,2.3313,1.1865,1.1788,1.155,0.1638,0.1765,0.1728,2.2577,2.3068,2.3583
85732.093,1.2406,1.2101,1.2308,0.3546,0.3275,0.3349,2.2739,2.301,2.2543,1.1987,1.1898,1.1836,0.1609,0.1791,0.1852,2.2595,2.3541,2.3455,1.1862,1.1785,1.1564,0.1645,0.1742,0.1731,2.2623,2.3139,2.3656
86165.077,1.235,1.2067,1.2256,0.3541,0.3277,0.3325,2.2589,2.2905,2.2429,1.1984,1.1892,1.1855,0.1608,0.1792,0.1852,2.2607,2.3536,2.3356,1.1853,1.1781,1.1562,0.1641,0.1745,0.1745,2.2469,2.2997,2.3505
