pep,activity,seq,state,len,D,E,K,R,H,Q,N,C,S,T,A,V,M,L,I,F,Y,W,G,P,compo_model
Aft2p_281_330_1,0.24600000000000002,FTNMFCNDNFIQNYNQGLM,active,19,1,0,0,0,0,2,5,1,0,1,0,0,2,1,1,3,1,0,1,0,1.0
Aim44p_589_638_30,0.654,NSTIYEDLVDSLLTEYEADGS,active,21,3,3,0,0,0,0,1,0,3,2,1,1,0,3,1,0,2,0,1,0,1.4817199240116733e-79
Air2p_295_344_10,0.025,MYGSRY,active,6,0,0,0,1,0,0,0,0,1,0,0,0,1,0,0,0,2,0,1,0,1.0
Air2p_295_344_32,0.025,YRNYNSYQPY,active,10,0,0,0,1,0,1,2,0,1,0,0,0,0,0,0,0,4,0,0,1,1.0
Alr2p_274_323_1,0.294,CFPMF,active,5,0,0,0,0,0,0,0,1,0,0,0,0,1,0,0,2,0,0,0,1,1.0
Aqy3p_131_180_1,0.146,NNYVDPLYRQLNP,active,13,1,0,0,1,0,1,3,0,0,0,0,1,0,2,0,0,2,0,0,2,0.9999999999970073
Avo1p_41_90_12,0.43,MNSDGVSLLPELE,active,13,1,2,0,0,0,0,1,0,2,0,0,1,1,3,0,0,0,0,1,1,2.7570801413387215e-58
Azf1p_695_744_1,-0.17,KAHQNRFHKETLNALTAKLAE,active,21,0,2,3,1,2,1,2,0,0,2,4,0,0,3,0,1,0,0,0,0,6.144852997367234e-89
Azf1p_695_744_31,-0.17,EER,active,3,0,2,0,1,0,0,0,0,0,0,0,0,0,0,0,0,0,0,0,0,2.7082308600924936e-29
Bas1p_421_470_1,0.461,SNGTIDSTKLVKELVDQAKKYSLKISIHQHIHNHY,active,35,2,1,5,0,4,2,2,0,4,2,1,2,0,3,4,0,2,0,1,0,3.3999209516525076e-142
Bas1p_481_530_1,-0.069,LMDSFPHMGRQLGNGL,active,16,1,0,0,1,1,1,1,0,1,0,0,0,2,3,0,1,0,0,3,1,0.3404580773298167
Bas1p_481_530_42,-0.069,LSRTPNYNA,active,9,0,0,0,1,0,0,2,0,1,1,1,0,0,1,0,0,1,0,0,1,5.012563640281021e-07
Bsp1p_109_158_1,0.436,EKKFLISEEDYLLLQKL,active,17,1,3,3,0,0,1,0,0,1,0,0,0,0,5,1,1,1,0,0,0,4.7371970418338964e-29
Bud14p_660_709_37,0.359,MDVLMKQLDEIIRK,active,14,2,1,2,1,0,1,0,0,0,0,0,1,2,2,2,0,0,0,0,0,7.37217879038575e-67
Bud8p_31_80_1,0.13,QLRTSLFF,active,8,0,0,0,1,0,1,0,0,1,1,0,0,0,2,0,2,0,0,0,0,1.0
Bud9p_231_280_1,0.292,YSFPSMRY,active,8,0,0,0,1,0,0,0,0,2,0,0,0,1,0,0,1,2,0,0,1,1.0
Bud9p_231_280_44,0.292,HEFQIPK,active,7,0,1,1,0,1,1,0,0,0,0,0,0,0,0,1,1,0,0,0,1,4.94504187183073e-09
Caf20p_27_76_1,0.183,FRAIIEKVKQLQHLKE,active,16,0,2,3,1,1,2,0,0,0,0,1,1,0,2,2,1,0,0,0,0,8.977401427097769e-59
Cat8p_110_159_1,0.726,KGYTESLEERVRELEAENKRLLAL,active,24,0,6,2,3,0,0,1,0,1,1,2,1,0,5,0,0,1,0,1,0,3.2246820438889283e-114
Cha4p_86_135_1,0.7070000000000001,YVEALQSQIRSLKEQLQIL,active,19,0,2,1,1,0,4,0,0,2,0,1,1,0,4,2,0,1,0,0,0,2.9902536349885695e-42
Cin5p_246_295_1,0.531,QNRSAQKAFRQRREKYIKNLEEKSKLFDGLMKENSELKKMIESLKSKLKE,active,50,1,7,11,4,0,3,3,0,5,0,2,0,2,6,2,2,1,0,1,0,6.33004017510463e-258
Clg1p_381_430_1,-0.16899999999999998,SETQFDYDFYNF,active,12,2,1,0,0,0,1,1,0,1,1,0,0,0,0,0,3,2,0,0,0,1.0
Clg1p_381_430_42,-0.16899999999999998,SYGHHLGWK,active,9,0,0,1,0,2,0,0,0,1,0,0,0,0,1,0,0,1,1,2,0,1.0
Clg1p_51_100_11,-0.485,LGYFNQPSST,active,10,0,0,0,0,0,1,1,0,2,1,0,0,0,1,0,1,1,0,1,1,1.0
Clg1p_51_100_41,-0.485,GLMYTSNNNS,active,10,0,0,0,0,0,0,3,0,2,1,0,0,1,1,0,0,1,0,1,0,0.01729378410122431
Crn1p_602_651_13,0.73,LSTLVLQLEDVVDKLTKANLDKDERLLKLE,active,30,4,3,4,1,0,1,1,0,1,2,1,3,0,9,0,0,0,0,0,0,1.4368945691272127e-179
Cth1p_22_71_14,0.33799999999999997,YESKIKEIEEYYIKTL,active,16,0,4,3,0,0,0,0,0,1,1,0,0,0,1,3,0,3,0,0,0,1.2573171111155311e-26
Cue5p_101_150_1,0.654,ILQELKDAFPNLEEKYIKAVIIA,active,23,1,3,3,0,0,1,1,0,0,0,3,1,0,3,4,1,1,0,0,1,9.990438206821673e-67
Cue5p_101_150_24,0.654,SQGVLSPAFNALLF,active,14,0,0,0,0,0,1,1,0,2,0,2,1,0,3,0,2,0,0,1,1,1.0
Cyr1p_141_190_21,0.251,FFPNRKPSLAETLFKRF,active,17,0,1,2,2,0,0,1,0,1,1,1,0,0,2,0,4,0,0,0,2,1.0
Dal81p_198_247_14,-0.191,FEDYSNRLPSSMLYRHQQQQQQQQQQQRIQYPRSSFF,active,37,1,1,0,4,1,12,1,0,5,0,0,0,1,2,1,3,3,0,0,2,1.0
Dbp1p_51_100_1,0.15,VTGGDFF,active,7,1,0,0,0,0,0,0,0,0,1,0,1,0,0,0,2,0,0,2,0,0.9999999999999984
Dbp1p_510_559_1,0.262,VATSFFNSNNQNIVKGLMEIL,active,21,0,1,1,0,0,1,4,0,2,1,1,2,1,2,2,2,0,0,1,0,6.190418123408203e-24
Ded1p_21_70_20,-0.222,YNNNN,active,5,0,0,0,0,0,0,4,0,0,0,0,0,0,0,0,0,1,0,0,0,0.9999999999999971
Ded1p_21_70_34,-0.222,GSFF,active,4,0,0,0,0,0,0,0,0,1,0,0,0,0,0,0,2,0,0,1,0,1.0
Def1p_485_534_25,-0.36200000000000004,YYMYQNQFPGYSYPGMFDSQGYAYGQ,active,26,1,0,0,0,0,4,1,0,2,0,1,0,2,0,0,2,7,0,4,2,1.0
Def1p_562_611_29,-0.062,QQQQPYGGSFMPYYAHFYQQSF,active,22,0,0,0,0,1,6,0,0,2,0,1,0,1,0,0,3,4,0,2,2,1.0
Def1p_689_738_1,-0.9440000000000001,PQQQMQFQQYY,active,11,0,0,0,0,0,6,0,0,0,0,0,0,1,0,0,1,2,0,0,1,1.0
Def1p_689_738_35,-0.9440000000000001,GYN,active,3,0,0,0,0,0,0,1,0,0,0,0,0,0,0,0,0,1,0,1,0,1.0
Dig1p_205_254_1,-0.647,PYYNPY,active,6,0,0,0,0,0,0,1,0,0,0,0,0,0,0,0,0,3,0,0,2,1.0
Dig1p_205_254_40,-0.647,QGGNARPYEEN,active,11,0,2,0,1,0,1,2,0,0,0,1,0,0,0,0,0,1,0,2,1,2.5584385588435582e-39
Dsn1p_111_160_40,0.6579999999999999,YYYY,active,4,0,0,0,0,0,0,0,0,0,0,0,0,0,0,0,0,4,0,0,0,1.0
Dsn1p_176_225_1,0.114,MPNSSLQPFY,active,10,0,0,0,0,0,1,1,0,2,0,0,0,1,1,0,1,1,0,0,2,1.0
Dsn1p_176_225_40,0.114,FPYGSFHQQQL,active,11,0,0,0,0,1,3,0,0,1,0,0,0,0,1,0,2,1,0,1,1,1.0
Eaf7p_57_106_1,0.6809999999999999,GKVFTAKDIWDKLSQSY,active,17,2,0,3,0,0,1,0,0,2,1,1,1,0,1,1,1,1,1,1,0,3.712316571935822e-30
Eap1p_299_348_37,0.794,SRFSSFF,active,7,0,0,0,1,0,0,0,0,3,0,0,0,0,0,0,3,0,0,0,0,1.0
Eap1p_329_378_1,0.773,LGKSSSSRFSSFF,active,13,0,0,1,1,0,0,0,0,6,0,0,0,0,1,0,3,0,0,1,0,0.9999999999999949
Eap1p_349_398_30,0.8390000000000001,SRLMSFF,active,7,0,0,0,1,0,0,0,0,2,0,0,0,1,1,0,2,0,0,0,0,1.0
Eap1p_369_418_10,0.835,SRLMSFF,active,7,0,0,0,1,0,0,0,0,2,0,0,0,1,1,0,2,0,0,0,0,1.0
Edc1p_126_175_27,0.22399999999999998,SYAGSTFATNGPREAKNLPKPSFL,active,24,0,1,2,1,0,0,2,0,3,2,3,0,0,2,0,2,1,0,2,3,3.675724127657723e-54
Edc2p_96_145_29,0.32,FAGASFTTDIPHEAALPKPSFV,active,22,1,1,1,0,1,0,0,0,2,2,4,1,0,1,1,3,0,0,1,3,2.585233024940143e-47
Ent1p_259_308_1,-0.305,LQQQPMYYDVFGNPITPEELAQFQQQQQLQEQQYLA,active,36,1,3,0,0,0,12,1,0,0,1,2,1,1,4,1,2,3,0,1,3,8.795417596073835e-05
Euc1p_91_140_12,0.16,TNFNAFLIAQLTRMEEQNANLKEEISLMKKEQELFFLEN,active,39,0,7,3,1,0,3,5,0,1,2,3,0,2,6,2,4,0,0,0,0,4.806983351468514e-59
Fab1p_501_550_1,0.449,HSLRRSIFHY,active,10,0,0,0,2,2,0,0,0,2,0,0,0,0,1,1,1,1,0,0,0,1.0
Far8p_10_59_1,0.226,PHYTLPGVMHYLQ,active,13,0,0,0,0,2,1,0,0,0,1,0,1,1,2,0,0,2,0,1,2,1.0
Far8p_10_59_25,0.226,TWELERSEMK,active,10,0,3,1,1,0,0,0,0,1,1,0,0,1,1,0,0,0,1,0,0,5.063683825069203e-26
Fun30p_364_413_1,0.696,YNAIESVIKKCSSY,active,14,0,1,2,0,0,0,1,1,3,0,1,1,0,0,2,0,2,0,0,0,2.084821511143114e-36
Gal4p_827_876_31,0.309,NTTTMDDVYNYLF,active,13,2,0,0,0,0,0,2,0,0,3,0,1,1,1,0,1,2,0,0,0,1.0
Gcn4p_232_281_19,0.7290000000000001,MKQLEDKVEELLSKNYHLENEVARL,active,25,1,5,3,1,1,1,2,0,1,0,1,2,1,5,0,0,1,0,0,0,4.688608580035939e-117
Gpr1p_533_582_1,0.61,NNNNNNNN,active,8,0,0,0,0,0,0,8,0,0,0,0,0,0,0,0,0,0,0,0,0,3.0058634252275568e-25
Hcm1p_506_555_1,0.233,LTSATNSKFASSGLFGVDVYSVW,active,23,1,0,1,0,0,0,1,0,5,2,2,3,0,2,0,2,1,1,2,0,1.8923432380724795e-12
Hcm1p_506_555_46,0.233,YHNHP,active,5,0,0,0,0,2,0,1,0,0,0,0,0,0,0,0,0,1,0,0,1,1.0
Hfi1p_31_80_32,0.65,DLGAMIEELTSLLGKESWT,active,19,1,3,1,0,0,0,0,0,2,2,1,0,1,4,1,0,0,1,2,0,3.3242710645606795e-51
Hms1p_41_90_1,-0.32299999999999995,EQNVNVTTNQMYLMFQSNNYNVPPP,active,25,0,1,0,0,0,3,6,0,1,2,0,3,2,1,0,1,2,0,0,3,1.7086735265803514e-19
Hms1p_41_90_42,-0.32299999999999995,YYAPFQHPI,active,9,0,0,0,0,1,1,0,0,0,0,1,0,0,0,1,1,2,0,0,2,1.0
Hsc82p_643_692_13,0.562,EEPTSFASRINRLISLGLN,active,19,0,2,0,2,0,0,2,0,3,1,1,0,0,3,2,1,0,0,1,1,2.079362772535383e-40
Htl1p_27_76_1,0.18100000000000002,FQLLSQRENICELLNL,active,16,0,2,0,1,0,2,2,1,1,0,0,0,0,5,1,1,0,0,0,0,0.9999998622639913
Htl1p_27_76_34,0.18100000000000002,MSLEEMKKMLDALKNER,active,17,1,3,3,1,0,0,1,0,1,0,1,0,3,3,0,0,0,0,0,0,2.3152198804777232e-94
Ioc3p_666_715_44,0.435,FLSDYYF,active,7,1,0,0,0,0,0,0,0,1,0,0,0,0,1,0,2,2,0,0,0,1.0
Ira1p_476_525_22,-0.33299999999999996,SLDDISSFNSSRKSLN,active,16,2,0,1,1,0,0,2,0,6,0,0,0,0,2,1,1,0,0,0,0,3.1201021396000615e-66
Ira1p_476_525_38,-0.33299999999999996,LDDSNSLFLWDTS,active,13,3,0,0,0,0,0,1,0,3,1,0,0,0,3,0,1,0,1,0,0,0.9991529990403727
Kip2p_507_556_1,0.6679999999999999,NNDGDKDRTIELLRRQLEEQRRMISEL,active,27,3,4,1,5,0,2,2,0,1,1,0,0,1,4,2,0,0,0,1,0,1.2717981380340127e-137
Lee1p_228_277_1,-0.42,SYINY,active,5,0,0,0,0,0,0,1,0,1,0,0,0,0,0,1,0,2,0,0,0,1.0
Lte1p_492_541_16,0.125,SAMDNLDLYQTVSSIAQSVISLTNTLNKQLQNNES,active,35,2,1,1,0,0,4,5,0,6,3,2,2,1,5,2,0,1,0,0,0,9.947648322394317e-137
Mit1p_503_552_1,0.33399999999999996,TAPYPVYSMNVNVPYYNSSASAY,active,23,0,0,0,0,0,0,3,0,4,1,3,3,1,0,0,0,5,0,0,3,1.0
Mot3p_81_130_1,0.252,MPLHQQQYIYPYYQ,active,14,0,0,0,0,1,4,0,0,0,0,0,0,1,1,1,0,4,0,0,2,1.0
Mpe1p_376_425_34,0.22399999999999998,PFGIPPFPMFPMPFMPP,active,17,0,0,0,0,0,0,0,0,0,0,0,0,3,0,1,4,0,0,1,8,1.0
Msn4p_241_290_46,0.484,FWNLN,active,5,0,0,0,0,0,0,2,0,0,0,0,0,0,1,0,1,0,1,0,0,1.0
Mss11p_163_212_1,0.34600000000000003,RIIPIL,active,6,0,0,0,1,0,0,0,0,0,0,0,0,0,1,3,0,0,0,0,1,0.9999990839150635
Mss11p_333_382_40,0.04,MFSDQQRFFQY,active,11,1,0,0,1,0,3,0,0,1,0,0,0,1,0,0,3,1,0,0,0,1.0
Nab2p_235_284_28,0.40399999999999997,CRLFPHCPLGRSC,active,13,0,0,0,2,1,0,0,3,1,0,0,0,0,2,0,1,0,0,1,2,0.9968902560770997
Nab3p_657_706_22,0.244,LLSAIQNLPPNVVSNLLSM,active,19,0,0,0,0,0,1,3,0,3,0,1,2,1,5,1,0,0,0,0,2,1.6459299388703352e-37
Naf1p_435_484_1,-0.187,GVPPMNQMQNPMY,active,13,0,0,0,0,0,2,2,0,0,0,0,1,3,0,0,0,1,0,1,3,1.4561284186219876e-07
Naf1p_435_484_28,-0.187,FQQVMELHQILLQQQQQQHQYQH,active,23,0,1,0,0,3,11,0,0,0,0,0,1,1,3,1,1,1,0,0,0,0.9999998497840347
Ngr1p_623_672_44,0.35100000000000003,IHPSLLH,active,7,0,0,0,0,2,0,0,0,1,0,0,0,0,2,1,0,0,0,0,1,0.9962750111813585
Not5p_158_207_1,0.48100000000000004,EFHIANLENILKKL,active,14,0,2,2,0,1,0,2,0,0,0,1,0,0,3,2,1,0,0,0,0,1.737393155394718e-20
Npr1p_363_412_1,-0.01,RFFKK,active,5,0,0,2,1,0,0,0,0,0,0,0,0,0,0,0,2,0,0,0,0,1.0
Npr1p_363_412_40,-0.01,HFAAGNNSYST,active,11,0,0,0,0,1,0,2,0,2,1,2,0,0,0,0,1,1,0,1,0,0.9992355963806174
Nst1p_1010_1059_45,-0.265,RTSIWD,active,6,1,0,0,1,0,0,0,0,1,1,0,0,0,0,1,0,0,1,0,0,0.999999873208462
Nst1p_560_609_35,0.991,EGRKLIQIAITKLLQS,active,16,0,1,2,1,0,2,0,0,1,1,1,0,0,3,3,0,0,0,1,0,3.578765505075871e-61
Nst1p_980_1029_1,0.191,FTDELNTLTSML,active,12,1,1,0,0,0,0,1,0,1,3,0,0,1,3,0,1,0,0,0,0,2.026256760444123e-11
Nup170p_1_50_1,0.647,MFQSFF,active,6,0,0,0,0,0,1,0,0,1,0,0,0,1,0,0,3,0,0,0,0,1.0
Nup60p_111_160_1,0.7609999999999999,ETHETNISNAKLANFFSKKGNEPLSEIEIEGVMSLLQK,active,38,0,6,4,0,1,1,4,0,4,2,2,1,1,4,3,2,0,0,2,1,2.7921211888586777e-160
Opi1p_231_280_1,0.107,LISKFTANSLPEPARS,active,16,0,1,1,1,0,0,1,0,3,1,2,0,0,2,1,1,0,0,0,2,1.388384142779346e-53
Opi1p_231_280_17,0.107,QVRESLLNLPTNW,active,13,0,1,0,1,0,1,2,0,1,1,0,1,0,3,0,0,0,1,0,1,0.532944102731161
Opi1p_231_280_42,0.107,ASFHYANCE,active,9,0,1,0,0,1,0,1,1,1,0,2,0,0,0,0,1,1,0,0,0,0.9999999999998073
Pat1p_131_180_1,-0.228,APQQM,active,5,0,0,0,0,0,2,0,0,0,0,1,0,1,0,0,0,0,0,0,1,1.5199997361366472e-17
Pat1p_131_180_6,-0.228,APLQPILSMQDLERQQRQMQQQFMNF,active,26,1,1,0,2,0,8,1,0,1,0,1,0,3,3,1,2,0,0,0,2,2.6122848427856507e-14
Pbp1p_654_703_1,-0.098,VPAGF,active,5,0,0,0,0,0,0,0,0,0,0,1,1,0,0,0,1,0,0,1,1,0.9928875488838896
Pbp1p_654_703_17,-0.098,FGYPGGIPFQGM,active,12,0,0,0,0,0,1,0,0,0,0,0,0,1,0,1,2,1,0,4,2,1.0
Pdp3p_202_251_1,0.245,VEISQLFRRRIQR,active,13,0,1,0,4,0,2,0,0,1,0,0,1,0,1,2,1,0,0,0,0,7.551639325105366e-15
Pdp3p_202_251_33,0.245,LLNRI,active,5,0,0,0,1,0,0,1,0,0,0,0,0,0,2,1,0,0,0,0,0,0.9999999999385407
Pea2p_113_162_1,0.287,WYEMMLRIL,active,9,0,1,0,1,0,0,0,0,0,0,0,0,2,2,1,0,1,1,0,0,1.0
Pho92p_17_66_10,0.363,RTIEDSLRELDGLI,active,14,2,2,0,2,0,0,0,0,1,1,0,0,0,3,2,0,0,0,1,0,3.192435972651406e-62
Psd2p_251_300_1,0.278,WRNELNTY,active,8,0,1,0,1,0,0,2,0,0,1,0,0,0,1,0,0,1,1,0,0,1.0
Psh1p_167_216_1,-0.10400000000000001,VCPHCNARIRNY,active,12,0,0,0,2,1,0,2,2,0,0,1,1,0,0,1,0,1,0,0,1,2.260367388393205e-11
Psh1p_167_216_35,-0.10400000000000001,SMRRRRENRFASTNPF,active,16,0,1,0,5,0,0,2,0,2,1,1,0,1,0,0,2,0,0,0,1,7.033393433334225e-16
Psk1p_305_354_34,0.6,LKSLLNLL,active,8,0,0,1,0,0,0,1,0,1,0,0,0,0,5,0,0,0,0,0,0,0.9999977344655259
Psp1p_231_280_1,0.159,ESTIRRSSYI,active,10,0,1,0,2,0,0,0,0,3,1,0,0,0,0,2,0,1,0,0,0,8.20725592680683e-23
Psp1p_231_280_38,0.159,FNLFNSRFNYDNL,active,13,1,0,0,1,0,0,4,0,1,0,0,0,0,2,0,3,1,0,0,0,1.0
Psp1p_41_90_17,0.28,LAGLNNLRN,active,9,0,0,0,1,0,0,3,0,0,0,1,0,0,3,0,0,0,0,1,0,3.2576272215168315e-06
Psp1p_41_90_37,0.28,RRTFDDIDFMGRFP,active,14,3,0,0,3,0,0,0,0,0,1,0,0,1,0,1,3,0,0,1,1,0.9999999999999991
Pub1p_188_237_1,-0.34,YLSGHVMWDMQTGSSRGYGFVSFTSQDDA,active,29,3,0,0,1,1,2,0,0,5,2,1,2,2,1,0,2,2,1,4,0,0.001172197475071779
Pub1p_188_237_43,-0.34,GRPLRINW,active,8,0,0,0,2,0,0,1,0,0,0,0,0,0,1,1,0,0,1,1,1,1.0
Puf4p_401_450_17,-0.048,INPNLGPSMQPFHILPPQQNTPPPPWLYSTPPPF,active,34,0,0,0,0,1,3,3,0,2,2,0,0,1,3,2,2,1,1,1,12,1.0
Puf4p_431_480_17,-0.27699999999999997,PPPFNAMVPPHLLAQNHMPLMNSANNKHHGRNNN,active,34,0,0,1,1,4,1,8,0,1,0,3,1,3,3,0,1,0,0,1,6,3.351901963126398e-71
Put3p_68_117_1,0.889,KIVVSTKYLQQLQKDLNDKTEENNRLKALL,active,30,2,2,5,1,0,3,3,0,1,2,1,2,0,6,1,0,1,0,0,0,1.352154404536039e-149
Reb1p_512_561_24,0.344,EELLKKVISDM,active,11,1,2,2,0,0,0,0,0,1,0,0,1,1,2,1,0,0,0,0,0,1.1968645271879487e-71
Rec107p_180_229_12,0.373,DVHKVLLSLSKDMHSLQTRQTALEMAF,active,27,2,1,2,1,2,2,0,0,3,2,2,2,2,5,0,1,0,0,0,0,3.727834270893207e-95
Rga2p_624_673_1,0.862,TLRKLKLDVRELEGTKKKLLQDVENLRLAKERLL,active,34,2,4,6,4,0,1,1,0,0,2,1,2,0,10,0,0,0,0,1,0,6.156494752727867e-187
Rlm1p_500_549_11,0.149,FVHDL,active,5,1,0,0,0,1,0,0,0,0,0,0,1,0,1,0,1,0,0,0,0,0.9999999999983322
Rlm1p_500_549_26,0.149,SMFPDW,active,6,1,0,0,0,0,0,0,0,1,0,0,0,1,0,0,1,0,1,0,1,1.0
Rox3p_116_165_12,-0.517,LFQPPNFDWDLCSSVLSQFERSYPS,active,25,2,1,0,1,0,2,1,1,5,0,0,1,0,3,0,3,1,1,0,3,1.0
Rox3p_86_135_43,-0.226,FQPPNFDW,active,8,1,0,0,0,0,1,1,0,0,0,0,0,0,0,0,2,0,1,0,2,1.0
Rpa14p_1_50_31,0.551,VSTDEVLQFLESFIDEKENI,active,20,2,4,1,0,0,1,1,0,2,1,0,2,0,2,2,2,0,0,0,0,3.1258484124276195e-77
Rpm2p_91_140_1,-0.268,LLYNQNVSLR,active,10,0,0,0,1,0,1,2,0,1,0,0,1,0,3,0,0,1,0,0,0,0.9999999999999967
Rpm2p_91_140_31,-0.268,YYSTGPTLPTNQYDPLNFSN,active,20,1,0,0,0,0,1,3,0,2,3,0,0,0,2,0,1,3,0,1,3,1.0
Rsf2p_584_633_1,-0.016,PAAIDDKWLSEFINNSDPKSTFKINFNHFNDIGFIYSPPSS,active,41,4,1,3,0,1,0,5,0,6,1,2,0,0,1,5,5,1,1,1,4,4.9248070769796985e-23
Rsp5p_208_257_24,-0.303,LPPGWERRTDNFGRTYYVD,active,19,2,1,0,3,0,0,1,0,0,2,0,1,0,1,0,1,2,1,2,2,1.0
Rsp5p_328_377_10,-0.255,WEQRFTPEGRAYFVDHNTRTTTWVDP,active,26,2,2,0,3,1,1,1,0,0,5,1,2,0,0,0,2,1,2,1,2,0.9862988492813082
Rsp5p_348_397_42,-0.184,LPSGWEMRL,active,9,0,1,0,1,0,0,0,0,1,0,0,0,1,2,0,0,0,1,1,1,1.0
Rts3p_71_120_10,0.619,VVRLLREIETLKEENSRL,active,18,0,4,1,3,0,0,1,0,1,1,0,2,0,4,1,0,0,0,0,0,7.975347763214313e-89
Rxt2p_210_259_1,0.335,RYSQFLEVFL,active,10,0,1,0,1,0,1,0,0,1,0,0,1,0,2,0,2,1,0,0,0,1.0
Rxt2p_210_259_11,0.335,GDHPEPIYESNLNLPSYN,active,18,1,2,0,0,1,0,3,0,2,0,0,0,0,2,1,0,2,0,1,3,4.0187934109312754e-25
Sap30p_71_120_1,-0.168,RLTAAQQQYIKNLI,active,14,0,0,1,1,0,3,1,0,0,1,2,0,0,2,2,0,1,0,0,0,3.8047956773469766e-16
Sap30p_71_120_36,-0.168,EYTDAFLRRYKDHFQ,active,15,2,1,1,2,1,1,0,0,0,1,1,0,0,1,0,2,2,0,0,0,1.0
Scd5p_1_50_1,-0.19399999999999998,MSFDW,active,5,1,0,0,0,0,0,0,0,1,0,0,0,1,0,0,1,0,1,0,0,1.0
Scd5p_1_50_29,-0.19399999999999998,PPSVSFDF,active,8,1,0,0,0,0,0,0,0,2,0,0,1,0,0,0,2,0,0,0,2,0.9998752554231477
Scj1p_90_139_20,0.174,FHDPFDIFERMF,active,12,2,1,0,1,1,0,0,0,0,0,0,0,1,0,1,4,0,0,0,1,1.0
Sec24p_101_150_21,0.297,YGQPSAAMGQNMRPMNQLYPIDLLTELPPP,active,30,1,1,0,1,0,3,2,0,1,1,2,0,3,4,1,0,2,0,2,6,9.954572039692948e-38
Slf1p_386_435_1,0.414,DENDDETEKYNIEKLLGPNDLDNYSYMGYPNFFPSNENGKKSQSYDQGEI,active,50,6,6,4,0,0,2,7,0,4,1,0,0,1,3,2,2,5,0,4,3,1.7963070320321456e-140
Slx4p_211_260_36,0.541,EWKDIMKLLLQKFPQ,active,15,1,1,3,0,0,2,0,0,0,0,0,0,1,3,1,1,0,1,0,1,0.8373882179677643
Snf2p_284_333_1,0.316,INHPPDFKRMLLSLSEFARR,active,20,1,1,1,3,1,0,1,0,2,0,1,0,1,3,1,2,0,0,0,2,8.132066989724447e-14
Snf5p_131_180_1,0.6940000000000001,LPLATQQQVLNKLRQQAI,active,18,0,0,1,1,0,5,1,0,0,1,2,1,0,4,1,0,0,0,0,1,6.868632841425822e-56
Snf5p_31_80_1,0.172,QIPQQLYQSLTPQQLQMIQQRHQQLL,active,26,0,0,0,1,1,11,0,0,1,1,0,0,1,5,2,0,1,0,0,2,1.4659127428418636e-16
Snf5p_751_800_1,0.5870000000000001,SYELRNTTTYKSRPDRPKPVSPPCYIIDHIPGHSLLLSI,active,39,2,1,2,3,2,0,1,1,5,3,0,1,0,4,4,0,3,0,1,6,3.645086173995956e-97
Snt1p_1_50_15,0.48,RYHYSNNPNR,active,10,0,0,0,2,1,0,3,0,1,0,0,0,0,0,0,0,2,0,0,1,1.0
Snt1p_966_1015_1,0.19,QPERPNINAY,active,10,0,1,0,1,0,1,2,0,0,0,1,0,0,0,1,0,1,0,0,2,1.077752966221411e-18
Snt1p_966_1015_45,0.19,PFGPDF,active,6,1,0,0,0,0,0,0,0,0,0,0,0,0,0,0,2,0,0,1,2,1.0
Snu56p_1_50_45,0.645,FDIWKN,active,6,1,0,1,0,0,0,1,0,0,0,0,0,0,0,1,1,0,1,0,0,1.0
Sok2p_145_194_1,-0.568,NVPYYYY,active,7,0,0,0,0,0,0,1,0,0,0,0,1,0,0,0,0,4,0,0,1,1.0
Sok2p_145_194_20,-0.568,SYPQAYY,active,7,0,0,0,0,0,1,0,0,1,0,1,0,0,0,0,0,3,0,0,1,1.0
Spa2p_83_132_19,0.392,LSQTRFNDLLDDILFEIKRR,active,20,3,1,1,3,0,1,1,0,1,1,0,0,0,4,2,2,0,0,0,0,3.4179112863787313e-25
Spp41p_391_440_31,1.0659999999999998,DDEFSRILADMVNQVVNTSL,active,20,3,1,0,1,0,1,2,0,2,1,1,3,1,2,1,1,0,0,0,0,9.511551530258039e-86
Spp41p_451_500_32,0.802,DLNQIMQNAMAMVFQNQND,active,19,2,0,0,0,0,4,4,0,0,0,2,1,3,1,1,1,0,0,0,0,2.4959253591298028e-36
Spr28p_374_423_28,0.624,IEDYQRKIDLLEKML,active,15,2,2,2,1,0,1,0,0,0,0,0,0,1,3,2,0,1,0,0,0,7.430950504661722e-44
Spt21p_277_326_1,0.306,LPIWNL,active,6,0,0,0,0,0,0,1,0,0,0,0,0,0,2,1,0,0,1,0,1,1.0
Srb4p_81_130_17,0.447,MPLEQLIPIILR,active,12,0,1,0,1,0,1,0,0,0,0,0,0,1,3,3,0,0,0,0,2,0.16494656480890732
Srp101p_140_189_1,0.48700000000000004,ILQGIEDDLKKFEQYFRIKYEESI,active,24,2,4,3,1,0,2,0,0,1,0,0,0,0,2,4,2,2,0,1,0,2.9735603303226005e-30
Srp54p_419_468_1,0.16,SVFEVEMILMQQQMMA,active,16,0,2,0,0,0,3,0,0,1,0,1,2,4,1,1,1,0,0,0,0,1.2920828375311975e-18
Ssk2p_51_100_16,-0.08900000000000001,FRSPNAVY,active,8,0,0,0,1,0,0,1,0,1,0,1,1,0,0,0,1,1,0,0,1,1.0
Stp22p_196_245_29,0.763,MLQNLQTVVNELY,active,13,0,1,0,0,0,2,2,0,0,1,0,2,1,3,0,0,1,0,0,0,0.0008124735231616907
Swh1p_537_586_14,0.40700000000000003,IYGPYIQKLHMLQRSISIELASLN,active,24,0,1,1,1,1,2,1,0,3,0,1,0,1,4,4,0,2,0,1,1,0.9910412112817059
Swi5p_151_200_26,0.33399999999999996,LLQQQQELREQLRAQQEANKKLELE,active,25,0,5,2,2,0,7,1,0,0,0,2,0,0,6,0,0,0,0,0,0,1.0282245568794812e-119
Swi5p_171_220_1,0.622,NLGELLLQQQQELREQLRAQQEANKKLELEL,active,31,0,6,2,2,0,7,2,0,0,0,2,0,0,9,0,0,0,0,1,0,1.811771210634151e-122
Swi6p_241_290_10,0.722,LEAFLQRLLF,active,10,0,1,0,1,0,1,0,0,0,0,1,0,0,4,0,2,0,0,0,0,1.0
Taf5p_51_100_1,0.285,SNGPFSASDLNRIVLEYLNKKGYHRTEAMLRAE,active,33,1,3,2,3,1,0,3,0,3,1,3,1,1,4,1,1,2,0,2,1,1.1310636925359525e-78
Taf7p_462_511_14,0.679,FIDSIKKLEKEAELKR,active,16,1,3,4,1,0,0,0,0,1,0,1,0,0,2,2,1,0,0,0,0,1.0512004733912021e-94
Tda11p_161_210_17,0.675,VSALLQSLATKELELLECKQK,active,21,0,3,3,0,0,2,0,1,2,1,2,1,0,6,0,0,0,0,0,0,1.4210650201404042e-110
Tec1p_408_457_43,-0.23399999999999999,YQTSYFSQ,active,8,0,0,0,0,0,2,0,0,2,1,0,0,0,0,0,1,2,0,0,0,1.0
Tfg1p_585_634_11,1.073,KKA,active,3,0,0,2,0,0,0,0,0,0,0,1,0,0,0,0,0,0,0,0,0,2.697493867386372e-39
Tfg1p_585_634_24,1.073,LRVKSIKNCVIIL,active,13,0,0,2,1,0,0,1,1,1,0,0,2,0,2,3,0,0,0,0,0,1.191281072845669e-46
Tif4632p_101_150_1,-0.22899999999999998,LPGMQWPANYYAPQMYY,active,17,0,0,0,0,0,2,1,0,0,0,2,0,2,1,0,0,4,1,1,3,1.0
Tis11p_28_77_1,0.151,NPLNDYQYQINIRELEEYYNKT,active,22,1,3,1,1,0,2,4,0,0,1,0,0,0,2,2,0,4,0,0,1,0.9999999999623441
Tup1p_41_90_14,0.248,QIRNTVYELELTHRKMKDAY,active,20,1,2,2,2,1,1,1,0,0,2,1,1,1,2,1,0,2,0,0,0,4.606515295096535e-50
Ubx5p_101_150_1,0.19399999999999998,RHEVLTETSGFPISYGGIGGRFEPLHRVNDMF,active,32,1,3,0,3,2,0,1,0,2,2,0,2,1,2,2,3,1,0,5,2,1.7662138671243282e-26
Ubx5p_101_150_33,0.19399999999999998,DEGRPESIFNQR,active,12,1,2,0,2,0,1,1,0,1,0,0,0,0,0,1,1,0,0,1,1,1.244917537361838e-46
Ume6p_331_380_10,0.23800000000000002,NFYF,active,4,0,0,0,0,0,0,1,0,0,0,0,0,0,0,0,2,1,0,0,0,1.0
Ume6p_331_380_36,0.23800000000000002,SFW,active,3,0,0,0,0,0,0,0,0,1,0,0,0,0,0,0,1,0,1,0,0,1.0
Uso1p_954_1003_1,0.835,DNLVAKLTEKLKSL,active,14,1,1,3,0,0,0,1,0,1,1,1,1,0,4,0,0,0,0,0,0,1.4220991565258164e-87
Vps27p_422_471_1,-0.133,NIYDRLLEQQLQSINLSQQYTLPQVPSDPY,active,30,2,1,0,1,0,6,2,0,3,1,0,1,0,5,2,0,3,0,0,3,5.399676481582005e-29
Vps60p_11_60_21,0.389,LSNRISQLDTQIAQLNFQLQNI,active,22,1,0,0,1,0,5,3,0,2,1,1,0,0,4,3,1,0,0,0,0,4.145177108601215e-24
Vts1p_171_220_37,0.267,QNTVMDNILSILND,active,14,2,0,0,0,0,1,3,0,1,1,0,1,1,2,2,0,0,0,0,0,6.863509620661191e-48
Whi3p_196_245_36,0.188,SRFSFSDPF,active,9,1,0,0,1,0,0,0,0,3,0,0,0,0,0,0,3,0,0,0,1,1.0
Whi3p_286_335_32,0.37200000000000005,FLLRDNTEINEKIWGTSGI,active,19,1,2,1,1,0,0,2,0,1,2,0,0,0,2,3,1,0,1,2,0,2.5011703274964396e-16
Wwm1p_11_60_1,-0.01,VPSGWKAVFDDEYQTWYY,active,18,2,1,1,0,0,1,0,0,1,1,1,2,0,0,0,1,3,2,1,1,1.0
Xbp1p_598_647_1,0.21,HYHFLKYASEV,active,11,0,1,1,0,2,0,0,0,1,0,1,1,0,1,0,1,2,0,0,0,1.0
Yak1p_681_730_1,0.022000000000000002,LGGVLNLNPLERWTPQQAMLHPFITKQEFTGEWFPPGSSL,active,40,0,3,1,1,1,3,2,0,2,3,1,1,1,6,1,3,0,2,4,5,1.0
Yap1801p_412_461_1,-0.045,QTGYYSINNHLTPTFTGAGFGGY,active,23,0,0,0,0,1,1,2,0,1,4,1,0,0,1,1,2,3,0,5,1,1.0
Yap1p_101_150_1,0.285,SIQQQNEVEATFLRDQLITLVNELKKY,active,27,1,3,2,1,0,4,2,0,1,2,1,2,0,4,2,1,1,0,0,0,6.56579104786091e-82
Yap1p_101_150_28,0.285,RPETRNDSKVLEYLA,active,15,1,2,1,2,0,0,1,0,1,1,1,1,0,2,0,0,1,0,0,1,1.2302594592744307e-68
Yap1p_81_130_32,0.54,FLRDQLITLVNELKKYRPE,active,19,1,2,2,2,0,1,1,0,0,1,0,1,0,4,1,1,1,0,0,1,3.562714550570388e-30
Yap5p_81_130_1,0.631,NKLQVLEETIESLSKVVKNYETKLNRLQNELQAKESENHAL,active,41,0,7,5,1,1,3,5,0,3,2,2,3,0,7,1,0,1,0,0,0,7.126448354264126e-219
Yap6p_331_380_1,0.446,LENKRFHAEYIRMIEDIENTKRKEQEQRDEIEQLKKKIRSLEEIVGRHSD,active,50,3,10,6,6,2,3,2,0,2,1,1,1,1,3,6,1,1,0,1,0,2.373188977746862e-276
Yap6p_91_140_1,-0.096,PIHPSY,active,6,0,0,0,0,1,0,0,0,1,0,0,0,0,0,1,0,1,0,0,2,0.9999999996455193
Yap6p_91_140_39,-0.096,PKSYSISYAPYQ,active,12,0,0,1,0,0,1,0,0,3,0,1,0,0,0,1,0,3,0,0,2,0.9999999999999984
Ybl081Wp_313_362_19,-0.361,MNDSSLGW,active,8,1,0,0,0,0,0,1,0,2,0,0,0,1,1,0,0,0,1,1,0,0.999999999676727
Ybl081Wp_313_362_44,-0.361,PFGIWNT,active,7,0,0,0,0,0,0,1,0,0,1,0,0,0,0,1,1,0,1,1,1,1.0
Ybr184Wp_117_166_1,0.47,STSRICKIL,active,9,0,0,1,1,0,0,0,1,2,1,0,0,0,1,2,0,0,0,0,0,5.60554956333241e-35
Ybr238Cp_610_659_28,0.593,YSHPALQAATASGAFD,active,16,1,0,0,0,1,1,0,0,2,1,5,0,0,1,0,1,1,0,1,1,3.6580876978609775e-34
Ycr051Wp_172_221_20,0.633,LERYIRAMVREQM,active,13,0,2,0,3,0,1,0,0,0,0,1,1,2,1,1,0,1,0,0,0,4.7650488508464024e-14
Yel043Wp_619_668_1,-0.077,GHSRSNLW,active,8,0,0,0,1,1,0,1,0,2,0,0,0,0,1,0,0,0,1,1,0,1.0
Yel043Wp_619_668_29,-0.077,FEYDNANHLISGLQNMIYDETD,active,22,3,2,0,0,1,1,3,0,1,1,1,0,1,2,2,1,2,0,1,0,3.1155766096660387e-15
Yel043Wp_639_688_15,0.527,NHLISGLQNMI,active,11,0,0,0,0,1,1,2,0,1,0,0,0,1,2,2,0,0,0,1,0,0.0480002830409601
Yel043Wp_719_768_33,0.135,NDPSLQSF,active,8,1,0,0,0,0,1,1,0,2,0,0,0,0,1,0,1,0,0,0,1,8.498399119690092e-12
Yel043Wp_809_858_45,0.373,IWNSNT,active,6,0,0,0,0,0,0,2,0,1,1,0,0,0,0,1,0,0,1,0,0,1.0
Ygr079Wp_167_216_37,0.14800000000000002,LPQIQQSFFFGDNS,active,14,1,0,0,0,0,3,1,0,2,0,0,0,0,1,1,3,0,0,1,1,1.0
Yhl008Cp_319_368_15,0.166,FTGRSL,active,6,0,0,0,1,0,0,0,0,1,1,0,0,0,1,0,1,0,0,1,0,0.9999999999798563
Yil055Cp_206_255_44,0.23600000000000002,PYQTTLP,active,7,0,0,0,0,0,1,0,0,0,2,0,0,0,1,0,0,1,0,0,2,0.9870617601055541
Yml020Wp_121_170_1,0.048,RAWPFFW,active,7,0,0,0,1,0,0,0,0,0,0,1,0,0,0,0,2,0,2,0,1,1.0
Yml020Wp_121_170_46,0.048,IPYKP,active,5,0,0,1,0,0,0,0,0,0,0,0,0,0,0,1,0,1,0,0,2,0.9852525052739024
Yml119Wp_21_70_35,-0.519,FFYY,active,4,0,0,0,0,0,0,0,0,0,0,0,0,0,0,0,2,2,0,0,0,1.0
Ypt31p_152_201_1,0.5579999999999999,FTETSALNSENVDKAFEELINTIYQKVSKH,active,30,1,4,3,0,1,1,3,0,3,3,2,2,0,2,2,2,1,0,0,0,1.2551118911200374e-114
Yrr1p_102_151_1,0.655,PNADLLKKVEELENKIRIL,active,19,1,3,3,1,0,0,2,0,0,0,1,1,0,4,2,0,0,0,0,1,6.36147370384089e-106
